id,item_count
0,6.2
1,6.2
2,6.2
3,6.2
4,6.2
5,6.2
6,6.2
7,6.2
8,6.2
9,6.2
10,6.2
11,6.2
12,6.2
13,6.2
14,6.2
15,6.2
16,6.2
17,6.2
18,6.2
19,6.2
20,6.2
21,6.2
22,6.2
23,6.2
24,6.2
25,6.2
26,6.2
27,6.2
28,6.2
29,6.2
30,6.2
31,6.2
32,6.2
33,6.2
34,6.2
35,6.2
36,6.2
37,6.2
38,6.2
39,6.2
40,6.2
41,6.2
42,6.2
43,6.2
44,6.2
45,6.2
46,6.2
47,6.2
48,6.2
49,6.2
50,6.2
51,6.2
52,6.2
53,6.2
54,6.2
55,6.2
56,6.2
57,6.2
58,6.2
59,6.2
60,6.2
61,6.2
62,6.2
63,6.2
64,6.2
65,6.2
66,6.2
67,6.2
68,6.2
69,6.2
70,6.2
71,6.2
72,6.2
73,6.2
74,6.2
75,6.2
76,6.2
77,6.2
78,6.2
79,6.2
80,6.2
81,6.2
82,6.2
83,6.2
84,6.2
85,6.2
86,6.2
87,6.2
88,6.2
89,6.2
90,6.2
91,6.2
92,6.2
93,6.2
94,6.2
95,6.2
96,6.2
97,6.2
98,6.2
99,6.2
100,6.2
101,6.2
102,6.2
103,6.2
104,6.2
105,6.2
106,6.2
107,6.2
108,6.2
109,6.2
110,6.2
111,6.2
112,6.2
113,6.2
114,6.2
115,6.2
116,6.2
117,6.2
118,6.2
119,6.2
120,6.2
121,6.2
122,6.2
123,6.2
124,6.2
125,6.2
126,6.2
127,6.2
128,6.2
129,6.2
130,6.2
131,6.2
132,6.2
133,6.2
134,6.2
135,6.2
136,6.2
137,6.2
138,6.2
139,6.2
140,6.2
141,6.2
142,6.2
143,6.2
144,6.2
145,6.2
146,6.2
147,6.2
148,6.2
149,6.2
150,6.2
151,6.2
152,6.2
153,6.2
154,6.2
155,6.2
156,6.2
157,6.2
158,6.2
159,6.2
160,6.2
161,6.2
162,6.2
163,6.2
164,6.2
165,6.2
166,6.2
167,6.2
168,6.2
169,6.2
170,6.2
171,6.2
172,6.2
173,6.2
174,6.2
175,6.2
176,6.2
177,6.2
178,6.2
179,6.2
180,6.2
181,6.2
182,6.2
183,6.2
184,6.2
185,6.2
186,6.2
187,6.2
188,6.2
189,6.2
190,6.2
191,6.2
192,6.2
193,6.2
194,6.2
195,6.2
196,6.2
197,6.2
198,6.2
199,6.2
200,6.2
201,6.2
202,6.2
203,6.2
204,6.2
205,6.2
206,6.2
207,6.2
208,6.2
209,6.2
210,6.2
211,6.2
212,6.2
213,6.2
214,6.2
215,6.2
216,6.2
217,6.2
218,6.2
219,6.2
220,6.2
221,6.2
222,6.2
223,6.2
224,6.2
225,6.2
226,6.2
227,6.2
228,6.2
229,6.2
230,6.2
231,6.2
232,6.2
233,6.2
234,6.2
235,6.2
236,6.2
237,6.2
238,6.2
239,6.2
240,6.2
241,6.2
242,6.2
243,6.2
244,6.2
245,6.2
246,6.2
247,6.2
248,6.2
249,6.2
250,6.2
251,6.2
252,6.2
253,6.2
254,6.2
255,6.2
256,6.2
257,6.2
258,6.2
259,6.2
260,6.2
261,6.2
262,6.2
263,6.2
264,6.2
265,6.2
266,6.2
267,6.2
268,6.2
269,6.2
270,6.2
271,6.2
272,6.2
273,6.2
274,6.2
275,6.2
276,6.2
277,6.2
278,6.2
279,6.2
280,6.2
281,6.2
282,6.2
283,6.2
284,6.2
285,6.2
286,6.2
287,6.2
288,6.2
289,6.2
290,6.2
291,6.2
292,6.2
293,6.2
294,6.2
295,6.2
296,6.2
297,6.2
298,6.2
299,6.2
300,6.2
301,6.2
302,6.2
303,6.2
304,6.2
305,6.2
306,6.2
307,6.2
308,6.2
309,6.2
310,6.2
311,6.2
312,6.2
313,6.2
314,6.2
315,6.2
316,6.2
317,6.2
318,6.2
319,6.2
320,6.2
321,6.2
322,6.2
323,6.2
324,6.2
325,6.2
326,6.2
327,6.2
328,6.2
329,6.2
330,6.2
331,6.2
332,6.2
333,6.2
334,6.2
335,6.2
336,6.2
337,6.2
338,6.2
339,6.2
340,6.2
341,6.2
342,6.2
343,6.2
344,6.2
345,6.2
346,6.2
347,6.2
348,6.2
349,6.2
350,6.2
351,6.2
352,6.2
353,6.2
354,6.2
355,6.2
356,6.2
357,6.2
358,6.2
359,6.2
360,6.2
361,6.2
362,6.2
363,6.2
364,6.2
365,6.2
366,6.2
367,6.2
368,6.2
369,6.2
370,6.2
371,6.2
372,6.2
373,6.2
374,6.2
375,6.2
376,6.2
377,6.2
378,6.2
379,6.2
380,6.2
381,6.2
382,6.2
383,6.2
384,6.2
385,6.2
386,6.2
387,6.2
388,6.2
389,6.2
390,6.2
391,6.2
392,6.2
393,6.2
394,6.2
395,6.2
396,6.2
397,6.2
398,6.2
399,6.2
400,6.2
401,6.2
402,6.2
403,6.2
404,6.2
405,6.2
406,6.2
407,6.2
408,6.2
409,6.2
410,6.2
411,6.2
412,6.2
413,6.2
414,6.2
415,6.2
416,6.2
417,6.2
418,6.2
419,6.2
420,6.2
421,6.2
422,6.2
423,6.2
424,6.2
425,6.2
426,6.2
427,6.2
428,6.2
429,6.2
430,6.2
431,6.2
432,6.2
433,6.2
434,6.2
435,6.2
436,6.2
437,6.2
438,6.2
439,6.2
440,6.2
441,6.2
442,6.2
443,6.2
444,6.2
445,6.2
446,6.2
447,6.2
448,6.2
449,6.2
450,6.2
451,6.2
452,6.2
453,6.2
454,6.2
455,6.2
456,6.2
457,6.2
458,6.2
459,6.2
460,6.2
461,6.2
462,6.2
463,6.2
464,6.2
465,6.2
466,6.2
467,6.2
468,6.2
469,6.2
470,6.2
471,6.2
472,6.2
473,6.2
474,6.2
475,6.2
476,6.2
477,6.2
478,6.2
479,6.2
480,6.2
481,6.2
482,6.2
483,6.2
484,6.2
485,6.2
486,6.2
487,6.2
488,6.2
489,6.2
490,6.2
491,6.2
492,6.2
493,6.2
494,6.2
495,6.2
496,6.2
497,6.2
498,6.2
499,6.2
500,6.2
501,6.2
502,6.2
503,6.2
504,6.2
505,6.2
506,6.2
507,6.2
508,6.2
509,6.2
510,6.2
511,6.2
512,6.2
513,6.2
514,6.2
515,6.2
516,6.2
517,6.2
518,6.2
519,6.2
520,6.2
521,6.2
522,6.2
523,6.2
524,6.2
525,6.2
526,6.2
527,6.2
528,6.2
529,6.2
530,6.2
531,6.2
532,6.2
533,6.2
534,6.2
535,6.2
536,6.2
537,6.2
538,6.2
539,6.2
540,6.2
541,6.2
542,6.2
543,6.2
544,6.2
545,6.2
546,6.2
547,6.2
548,6.2
549,6.2
550,6.2
551,6.2
552,6.2
553,6.2
554,6.2
555,6.2
556,6.2
557,6.2
558,6.2
559,6.2
560,6.2
561,6.2
562,6.2
563,6.2
564,6.2
565,6.2
566,6.2
567,6.2
568,6.2
569,6.2
570,6.2
571,6.2
572,6.2
573,6.2
574,6.2
575,6.2
576,6.2
577,6.2
578,6.2
579,6.2
580,6.2
581,6.2
582,6.2
583,6.2
584,6.2
585,6.2
586,6.2
587,6.2
588,6.2
589,6.2
590,6.2
591,6.2
592,6.2
593,6.2
594,6.2
595,6.2
596,6.2
597,6.2
598,6.2
599,6.2
600,6.2
601,6.2
602,6.2
603,6.2
604,6.2
605,6.2
606,6.2
607,6.2
608,6.2
609,6.2
610,6.2
611,6.2
612,6.2
613,6.2
614,6.2
615,6.2
616,6.2
617,6.2
618,6.2
619,6.2
620,6.2
621,6.2
622,6.2
623,6.2
624,6.2
625,6.2
626,6.2
627,6.2
628,6.2
629,6.2
630,6.2
631,6.2
632,6.2
633,6.2
634,6.2
635,6.2
636,6.2
637,6.2
638,6.2
639,6.2
640,6.2
641,6.2
642,6.2
643,6.2
644,6.2
645,6.2
646,6.2
647,6.2
648,6.2
649,6.2
650,6.2
651,6.2
652,6.2
653,6.2
654,6.2
655,6.2
656,6.2
657,6.2
658,6.2
659,6.2
660,6.2
661,6.2
662,6.2
663,6.2
664,6.2
665,6.2
666,6.2
667,6.2
668,6.2
669,6.2
670,6.2
671,6.2
672,6.2
673,6.2
674,6.2
675,6.2
676,6.2
677,6.2
678,6.2
679,6.2
680,6.2
681,6.2
682,6.2
683,6.2
684,6.2
685,6.2
686,6.2
687,6.2
688,6.2
689,6.2
690,6.2
691,6.2
692,6.2
693,6.2
694,6.2
695,6.2
696,6.2
697,6.2
698,6.2
699,6.2
700,6.2
701,6.2
702,6.2
703,6.2
704,6.2
705,6.2
706,6.2
707,6.2
708,6.2
709,6.2
710,6.2
711,6.2
712,6.2
713,6.2
714,6.2
715,6.2
716,6.2
717,6.2
718,6.2
719,6.2
720,6.2
721,6.2
722,6.2
723,6.2
724,6.2
725,6.2
726,6.2
727,6.2
728,6.2
729,6.2
730,6.2
731,6.2
732,6.2
733,6.2
734,6.2
735,6.2
736,6.2
737,6.2
738,6.2
739,6.2
740,6.2
741,6.2
742,6.2
743,6.2
744,6.2
745,6.2
746,6.2
747,6.2
748,6.2
749,6.2
750,6.2
751,6.2
752,6.2
753,6.2
754,6.2
755,6.2
756,6.2
757,6.2
758,6.2
759,6.2
760,6.2
761,6.2
762,6.2
763,6.2
764,6.2
765,6.2
766,6.2
767,6.2
768,6.2
769,6.2
770,6.2
771,6.2
772,6.2
773,6.2
774,6.2
775,6.2
776,6.2
777,6.2
778,6.2
779,6.2
780,6.2
781,6.2
782,6.2
783,6.2
784,6.2
785,6.2
786,6.2
787,6.2
788,6.2
789,6.2
790,6.2
791,6.2
792,6.2
793,6.2
794,6.2
795,6.2
796,6.2
797,6.2
798,6.2
799,6.2
800,6.2
801,6.2
802,6.2
803,6.2
804,6.2
805,6.2
806,6.2
807,6.2
808,6.2
809,6.2
810,6.2
811,6.2
812,6.2
813,6.2
814,6.2
815,6.2
816,6.2
817,6.2
818,6.2
819,6.2
820,6.2
821,6.2
822,6.2
823,6.2
824,6.2
825,6.2
826,6.2
827,6.2
828,6.2
829,6.2
830,6.2
831,6.2
832,6.2
833,6.2
834,6.2
835,6.2
836,6.2
837,6.2
838,6.2
839,6.2
840,6.2
841,6.2
842,6.2
843,6.2
844,6.2
845,6.2
846,6.2
847,6.2
848,6.2
849,6.2
850,6.2
851,6.2
852,6.2
853,6.2
854,6.2
855,6.2
856,6.2
857,6.2
858,6.2
859,6.2
860,6.2
861,6.2
862,6.2
863,6.2
864,6.2
865,6.2
866,6.2
867,6.2
868,6.2
869,6.2
870,6.2
871,6.2
872,6.2
873,6.2
874,6.2
875,6.2
876,6.2
877,6.2
878,6.2
879,6.2
880,6.2
881,6.2
882,6.2
883,6.2
884,6.2
885,6.2
886,6.2
887,6.2
888,6.2
889,6.2
890,6.2
891,6.2
892,6.2
893,6.2
894,6.2
895,6.2
896,6.2
897,6.2
898,6.2
899,6.2
900,6.2
901,6.2
902,6.2
903,6.2
904,6.2
905,6.2
906,6.2
907,6.2
908,6.2
909,6.2
910,6.2
911,6.2
912,6.2
913,6.2
914,6.2
915,6.2
916,6.2
917,6.2
918,6.2
919,6.2
920,6.2
921,6.2
922,6.2
923,6.2
924,6.2
925,6.2
926,6.2
927,6.2
928,6.2
929,6.2
930,6.2
931,6.2
932,6.2
933,6.2
934,6.2
935,6.2
936,6.2
937,6.2
938,6.2
939,6.2
940,6.2
941,6.2
942,6.2
943,6.2
944,6.2
945,6.2
946,6.2
947,6.2
948,6.2
949,6.2
950,6.2
951,6.2
952,6.2
953,6.2
954,6.2
955,6.2
956,6.2
957,6.2
958,6.2
959,6.2
960,6.2
961,6.2
962,6.2
963,6.2
964,6.2
965,6.2
966,6.2
967,6.2
968,6.2
969,6.2
970,6.2
971,6.2
972,6.2
973,6.2
974,6.2
975,6.2
976,6.2
977,6.2
978,6.2
979,6.2
980,6.2
981,6.2
982,6.2
983,6.2
984,6.2
985,6.2
986,6.2
987,6.2
988,6.2
989,6.2
990,6.2
991,6.2
992,6.2
993,6.2
994,6.2
995,6.2
996,6.2
997,6.2
998,6.2
999,6.2
1000,6.2
1001,6.2
1002,6.2
1003,6.2
1004,6.2
1005,6.2
1006,6.2
1007,6.2
1008,6.2
1009,6.2
1010,6.2
1011,6.2
1012,6.2
1013,6.2
1014,6.2
1015,6.2
1016,6.2
1017,6.2
1018,6.2
1019,6.2
1020,6.2
1021,6.2
1022,6.2
1023,6.2
1024,6.2
1025,6.2
1026,6.2
1027,6.2
1028,6.2
1029,6.2
1030,6.2
1031,6.2
1032,6.2
1033,6.2
1034,6.2
1035,6.2
1036,6.2
1037,6.2
1038,6.2
1039,6.2
1040,6.2
1041,6.2
1042,6.2
1043,6.2
1044,6.2
1045,6.2
1046,6.2
1047,6.2
1048,6.2
1049,6.2
1050,6.2
1051,6.2
1052,6.2
1053,6.2
1054,6.2
1055,6.2
1056,6.2
1057,6.2
1058,6.2
1059,6.2
1060,6.2
1061,6.2
1062,6.2
1063,6.2
1064,6.2
1065,6.2
1066,6.2
1067,6.2
1068,6.2
1069,6.2
1070,6.2
1071,6.2
1072,6.2
1073,6.2
1074,6.2
1075,6.2
1076,6.2
1077,6.2
1078,6.2
1079,6.2
1080,6.2
1081,6.2
1082,6.2
1083,6.2
1084,6.2
1085,6.2
1086,6.2
1087,6.2
1088,6.2
1089,6.2
1090,6.2
1091,6.2
1092,6.2
1093,6.2
1094,6.2
1095,6.2
1096,6.2
1097,6.2
1098,6.2
1099,6.2
1100,6.2
1101,6.2
1102,6.2
1103,6.2
1104,6.2
1105,6.2
1106,6.2
1107,6.2
1108,6.2
1109,6.2
1110,6.2
1111,6.2
1112,6.2
1113,6.2
1114,6.2
1115,6.2
1116,6.2
1117,6.2
1118,6.2
1119,6.2
1120,6.2
1121,6.2
1122,6.2
1123,6.2
1124,6.2
1125,6.2
1126,6.2
1127,6.2
1128,6.2
1129,6.2
1130,6.2
1131,6.2
1132,6.2
1133,6.2
1134,6.2
1135,6.2
1136,6.2
1137,6.2
1138,6.2
1139,6.2
1140,6.2
1141,6.2
1142,6.2
1143,6.2
1144,6.2
1145,6.2
1146,6.2
1147,6.2
1148,6.2
1149,6.2
1150,6.2
1151,6.2
1152,6.2
1153,6.2
1154,6.2
1155,6.2
1156,6.2
1157,6.2
1158,6.2
1159,6.2
1160,6.2
1161,6.2
1162,6.2
1163,6.2
1164,6.2
1165,6.2
1166,6.2
1167,6.2
1168,6.2
1169,6.2
1170,6.2
1171,6.2
1172,6.2
1173,6.2
1174,6.2
1175,6.2
1176,6.2
1177,6.2
1178,6.2
1179,6.2
1180,6.2
1181,6.2
1182,6.2
1183,6.2
1184,6.2
1185,6.2
1186,6.2
1187,6.2
1188,6.2
1189,6.2
1190,6.2
1191,6.2
1192,6.2
1193,6.2
1194,6.2
1195,6.2
1196,6.2
1197,6.2
1198,6.2
1199,6.2
1200,6.2
1201,6.2
1202,6.2
1203,6.2
1204,6.2
1205,6.2
1206,6.2
1207,6.2
1208,6.2
1209,6.2
1210,6.2
1211,6.2
1212,6.2
1213,6.2
1214,6.2
1215,6.2
1216,6.2
1217,6.2
1218,6.2
1219,6.2
1220,6.2
1221,6.2
1222,6.2
1223,6.2
1224,6.2
1225,6.2
1226,6.2
1227,6.2
1228,6.2
1229,6.2
1230,6.2
1231,6.2
1232,6.2
1233,6.2
1234,6.2
1235,6.2
1236,6.2
1237,6.2
1238,6.2
1239,6.2
1240,6.2
1241,6.2
1242,6.2
1243,6.2
1244,6.2
1245,6.2
1246,6.2
1247,6.2
1248,6.2
1249,6.2
1250,6.2
1251,6.2
1252,6.2
1253,6.2
1254,6.2
1255,6.2
1256,6.2
1257,6.2
1258,6.2
1259,6.2
1260,6.2
1261,6.2
1262,6.2
1263,6.2
1264,6.2
1265,6.2
1266,6.2
1267,6.2
1268,6.2
1269,6.2
1270,6.2
1271,6.2
1272,6.2
1273,6.2
1274,6.2
1275,6.2
1276,6.2
1277,6.2
1278,6.2
1279,6.2
1280,6.2
1281,6.2
1282,6.2
1283,6.2
1284,6.2
1285,6.2
1286,6.2
1287,6.2
1288,6.2
1289,6.2
1290,6.2
1291,6.2
1292,6.2
1293,6.2
1294,6.2
1295,6.2
1296,6.2
1297,6.2
1298,6.2
1299,6.2
1300,6.2
1301,6.2
1302,6.2
1303,6.2
1304,6.2
1305,6.2
1306,6.2
1307,6.2
1308,6.2
1309,6.2
1310,6.2
1311,6.2
1312,6.2
1313,6.2
1314,6.2
1315,6.2
1316,6.2
1317,6.2
1318,6.2
1319,6.2
1320,6.2
1321,6.2
1322,6.2
1323,6.2
1324,6.2
1325,6.2
1326,6.2
1327,6.2
1328,6.2
1329,6.2
1330,6.2
1331,6.2
1332,6.2
1333,6.2
1334,6.2
1335,6.2
1336,6.2
1337,6.2
1338,6.2
1339,6.2
1340,6.2
1341,6.2
1342,6.2
1343,6.2
1344,6.2
1345,6.2
1346,6.2
1347,6.2
1348,6.2
1349,6.2
1350,6.2
1351,6.2
1352,6.2
1353,6.2
1354,6.2
1355,6.2
1356,6.2
1357,6.2
1358,6.2
1359,6.2
1360,6.2
1361,6.2
1362,6.2
1363,6.2
1364,6.2
1365,6.2
1366,6.2
1367,6.2
1368,6.2
1369,6.2
1370,6.2
1371,6.2
1372,6.2
1373,6.2
1374,6.2
1375,6.2
1376,6.2
1377,6.2
1378,6.2
1379,6.2
1380,6.2
1381,6.2
1382,6.2
1383,6.2
1384,6.2
1385,6.2
1386,6.2
1387,6.2
1388,6.2
1389,6.2
1390,6.2
1391,6.2
1392,6.2
1393,6.2
1394,6.2
1395,6.2
1396,6.2
1397,6.2
1398,6.2
1399,6.2
1400,6.2
1401,6.2
1402,6.2
1403,6.2
1404,6.2
1405,6.2
1406,6.2
1407,6.2
1408,6.2
1409,6.2
1410,6.2
1411,6.2
1412,6.2
1413,6.2
1414,6.2
1415,6.2
1416,6.2
1417,6.2
1418,6.2
1419,6.2
1420,6.2
1421,6.2
1422,6.2
1423,6.2
1424,6.2
1425,6.2
1426,6.2
1427,6.2
1428,6.2
1429,6.2
1430,6.2
1431,6.2
1432,6.2
1433,6.2
1434,6.2
1435,6.2
1436,6.2
1437,6.2
1438,6.2
1439,6.2
1440,6.2
1441,6.2
1442,6.2
1443,6.2
1444,6.2
1445,6.2
1446,6.2
1447,6.2
1448,6.2
1449,6.2
1450,6.2
1451,6.2
1452,6.2
1453,6.2
1454,6.2
1455,6.2
1456,6.2
1457,6.2
1458,6.2
1459,6.2
1460,6.2
1461,6.2
1462,6.2
1463,6.2
1464,6.2
1465,6.2
1466,6.2
1467,6.2
1468,6.2
1469,6.2
1470,6.2
1471,6.2
1472,6.2
1473,6.2
1474,6.2
1475,6.2
1476,6.2
1477,6.2
1478,6.2
1479,6.2
1480,6.2
1481,6.2
1482,6.2
1483,6.2
1484,6.2
1485,6.2
1486,6.2
1487,6.2
1488,6.2
1489,6.2
1490,6.2
1491,6.2
1492,6.2
1493,6.2
1494,6.2
1495,6.2
1496,6.2
1497,6.2
1498,6.2
1499,6.2
1500,6.2
1501,6.2
1502,6.2
1503,6.2
1504,6.2
1505,6.2
1506,6.2
1507,6.2
1508,6.2
1509,6.2
1510,6.2
1511,6.2
1512,6.2
1513,6.2
1514,6.2
1515,6.2
1516,6.2
1517,6.2
1518,6.2
1519,6.2
1520,6.2
1521,6.2
1522,6.2
1523,6.2
1524,6.2
1525,6.2
1526,6.2
1527,6.2
1528,6.2
1529,6.2
1530,6.2
1531,6.2
1532,6.2
1533,6.2
1534,6.2
1535,6.2
1536,6.2
1537,6.2
1538,6.2
1539,6.2
1540,6.2
1541,6.2
1542,6.2
1543,6.2
1544,6.2
1545,6.2
1546,6.2
1547,6.2
1548,6.2
1549,6.2
1550,6.2
1551,6.2
1552,6.2
1553,6.2
1554,6.2
1555,6.2
1556,6.2
1557,6.2
1558,6.2
1559,6.2
1560,6.2
1561,6.2
1562,6.2
1563,6.2
1564,6.2
1565,6.2
1566,6.2
1567,6.2
1568,6.2
1569,6.2
1570,6.2
1571,6.2
1572,6.2
1573,6.2
1574,6.2
1575,6.2
1576,6.2
1577,6.2
1578,6.2
1579,6.2
1580,6.2
1581,6.2
1582,6.2
1583,6.2
1584,6.2
1585,6.2
1586,6.2
1587,6.2
1588,6.2
1589,6.2
1590,6.2
1591,6.2
1592,6.2
1593,6.2
1594,6.2
1595,6.2
1596,6.2
1597,6.2
1598,6.2
1599,6.2
1600,6.2
1601,6.2
1602,6.2
1603,6.2
1604,6.2
1605,6.2
1606,6.2
1607,6.2
1608,6.2
1609,6.2
1610,6.2
1611,6.2
1612,6.2
1613,6.2
1614,6.2
1615,6.2
1616,6.2
1617,6.2
1618,6.2
1619,6.2
1620,6.2
1621,6.2
1622,6.2
1623,6.2
1624,6.2
1625,6.2
1626,6.2
1627,6.2
1628,6.2
1629,6.2
1630,6.2
1631,6.2
1632,6.2
1633,6.2
1634,6.2
1635,6.2
1636,6.2
1637,6.2
1638,6.2
1639,6.2
1640,6.2
1641,6.2
1642,6.2
1643,6.2
1644,6.2
1645,6.2
1646,6.2
1647,6.2
1648,6.2
1649,6.2
1650,6.2
1651,6.2
1652,6.2
1653,6.2
1654,6.2
1655,6.2
1656,6.2
1657,6.2
1658,6.2
1659,6.2
1660,6.2
1661,6.2
1662,6.2
1663,6.2
1664,6.2
1665,6.2
1666,6.2
1667,6.2
1668,6.2
1669,6.2
1670,6.2
1671,6.2
1672,6.2
1673,6.2
1674,6.2
1675,6.2
1676,6.2
1677,6.2
1678,6.2
1679,6.2
1680,6.2
1681,6.2
1682,6.2
1683,6.2
1684,6.2
1685,6.2
1686,6.2
1687,6.2
1688,6.2
1689,6.2
1690,6.2
1691,6.2
1692,6.2
1693,6.2
1694,6.2
1695,6.2
1696,6.2
1697,6.2
1698,6.2
1699,6.2
1700,6.2
1701,6.2
1702,6.2
1703,6.2
1704,6.2
1705,6.2
1706,6.2
1707,6.2
1708,6.2
1709,6.2
1710,6.2
1711,6.2
1712,6.2
1713,6.2
1714,6.2
1715,6.2
1716,6.2
1717,6.2
1718,6.2
1719,6.2
1720,6.2
1721,6.2
1722,6.2
1723,6.2
1724,6.2
1725,6.2
1726,6.2
1727,6.2
1728,6.2
1729,6.2
1730,6.2
1731,6.2
1732,6.2
1733,6.2
1734,6.2
1735,6.2
1736,6.2
1737,6.2
1738,6.2
1739,6.2
1740,6.2
1741,6.2
1742,6.2
1743,6.2
1744,6.2
1745,6.2
1746,6.2
1747,6.2
1748,6.2
1749,6.2
1750,6.2
1751,6.2
1752,6.2
1753,6.2
1754,6.2
1755,6.2
1756,6.2
1757,6.2
1758,6.2
1759,6.2
1760,6.2
1761,6.2
1762,6.2
1763,6.2
1764,6.2
1765,6.2
1766,6.2
1767,6.2
1768,6.2
1769,6.2
1770,6.2
1771,6.2
1772,6.2
1773,6.2
1774,6.2
1775,6.2
1776,6.2
1777,6.2
1778,6.2
1779,6.2
1780,6.2
1781,6.2
1782,6.2
1783,6.2
1784,6.2
1785,6.2
1786,6.2
1787,6.2
1788,6.2
1789,6.2
1790,6.2
1791,6.2
1792,6.2
1793,6.2
1794,6.2
1795,6.2
1796,6.2
1797,6.2
1798,6.2
1799,6.2
1800,6.2
1801,6.2
1802,6.2
1803,6.2
1804,6.2
1805,6.2
1806,6.2
1807,6.2
1808,6.2
1809,6.2
1810,6.2
1811,6.2
1812,6.2
1813,6.2
1814,6.2
1815,6.2
1816,6.2
1817,6.2
1818,6.2
1819,6.2
1820,6.2
1821,6.2
1822,6.2
1823,6.2
1824,6.2
1825,6.2
1826,6.2
1827,6.2
1828,6.2
1829,6.2
1830,6.2
1831,6.2
1832,6.2
1833,6.2
1834,6.2
1835,6.2
1836,6.2
1837,6.2
1838,6.2
1839,6.2
1840,6.2
1841,6.2
1842,6.2
1843,6.2
1844,6.2
1845,6.2
1846,6.2
1847,6.2
1848,6.2
1849,6.2
1850,6.2
1851,6.2
1852,6.2
1853,6.2
1854,6.2
1855,6.2
1856,6.2
1857,6.2
1858,6.2
1859,6.2
1860,6.2
1861,6.2
1862,6.2
1863,6.2
1864,6.2
1865,6.2
1866,6.2
1867,6.2
1868,6.2
1869,6.2
1870,6.2
1871,6.2
1872,6.2
1873,6.2
1874,6.2
1875,6.2
1876,6.2
1877,6.2
1878,6.2
1879,6.2
1880,6.2
1881,6.2
1882,6.2
1883,6.2
1884,6.2
1885,6.2
1886,6.2
1887,6.2
1888,6.2
1889,6.2
1890,6.2
1891,6.2
1892,6.2
1893,6.2
1894,6.2
1895,6.2
1896,6.2
1897,6.2
1898,6.2
1899,6.2
1900,6.2
1901,6.2
1902,6.2
1903,6.2
1904,6.2
1905,6.2
1906,6.2
1907,6.2
1908,6.2
1909,6.2
1910,6.2
1911,6.2
1912,6.2
1913,6.2
1914,6.2
1915,6.2
1916,6.2
1917,6.2
1918,6.2
1919,6.2
1920,6.2
1921,6.2
1922,6.2
1923,6.2
1924,6.2
1925,6.2
1926,6.2
1927,6.2
1928,6.2
1929,6.2
1930,6.2
1931,6.2
1932,6.2
1933,6.2
1934,6.2
1935,6.2
1936,6.2
1937,6.2
1938,6.2
1939,6.2
1940,6.2
1941,6.2
1942,6.2
1943,6.2
1944,6.2
1945,6.2
1946,6.2
1947,6.2
1948,6.2
1949,6.2
1950,6.2
1951,6.2
1952,6.2
1953,6.2
1954,6.2
1955,6.2
1956,6.2
1957,6.2
1958,6.2
1959,6.2
1960,6.2
1961,6.2
1962,6.2
1963,6.2
1964,6.2
1965,6.2
1966,6.2
1967,6.2
1968,6.2
1969,6.2
1970,6.2
1971,6.2
1972,6.2
1973,6.2
1974,6.2
1975,6.2
1976,6.2
1977,6.2
1978,6.2
1979,6.2
1980,6.2
1981,6.2
1982,6.2
1983,6.2
1984,6.2
1985,6.2
1986,6.2
1987,6.2
1988,6.2
1989,6.2
1990,6.2
1991,6.2
1992,6.2
1993,6.2
1994,6.2
1995,6.2
1996,6.2
1997,6.2
1998,6.2
1999,6.2
2000,6.2
2001,6.2
2002,6.2
2003,6.2
2004,6.2
2005,6.2
2006,6.2
2007,6.2
2008,6.2
2009,6.2
2010,6.2
2011,6.2
2012,6.2
2013,6.2
2014,6.2
2015,6.2
2016,6.2
2017,6.2
2018,6.2
2019,6.2
2020,6.2
2021,6.2
2022,6.2
2023,6.2
2024,6.2
2025,6.2
2026,6.2
2027,6.2
2028,6.2
2029,6.2
2030,6.2
2031,6.2
2032,6.2
2033,6.2
2034,6.2
2035,6.2
2036,6.2
2037,6.2
2038,6.2
2039,6.2
2040,6.2
2041,6.2
2042,6.2
2043,6.2
2044,6.2
2045,6.2
2046,6.2
2047,6.2
2048,6.2
2049,6.2
2050,6.2
2051,6.2
2052,6.2
2053,6.2
2054,6.2
2055,6.2
2056,6.2
2057,6.2
2058,6.2
2059,6.2
2060,6.2
2061,6.2
2062,6.2
2063,6.2
2064,6.2
2065,6.2
2066,6.2
2067,6.2
2068,6.2
2069,6.2
2070,6.2
2071,6.2
2072,6.2
2073,6.2
2074,6.2
2075,6.2
2076,6.2
2077,6.2
2078,6.2
2079,6.2
2080,6.2
2081,6.2
2082,6.2
2083,6.2
2084,6.2
2085,6.2
2086,6.2
2087,6.2
2088,6.2
2089,6.2
2090,6.2
2091,6.2
2092,6.2
2093,6.2
2094,6.2
2095,6.2
2096,6.2
2097,6.2
2098,6.2
2099,6.2
2100,6.2
2101,6.2
2102,6.2
2103,6.2
2104,6.2
2105,6.2
2106,6.2
2107,6.2
2108,6.2
2109,6.2
2110,6.2
2111,6.2
2112,6.2
2113,6.2
2114,6.2
2115,6.2
2116,6.2
2117,6.2
2118,6.2
2119,6.2
2120,6.2
2121,6.2
2122,6.2
2123,6.2
2124,6.2
2125,6.2
2126,6.2
2127,6.2
2128,6.2
2129,6.2
2130,6.2
2131,6.2
2132,6.2
2133,6.2
2134,6.2
2135,6.2
2136,6.2
2137,6.2
2138,6.2
2139,6.2
2140,6.2
2141,6.2
2142,6.2
2143,6.2
2144,6.2
2145,6.2
2146,6.2
2147,6.2
2148,6.2
2149,6.2
2150,6.2
2151,6.2
2152,6.2
2153,6.2
2154,6.2
2155,6.2
2156,6.2
2157,6.2
2158,6.2
2159,6.2
2160,6.2
2161,6.2
2162,6.2
2163,6.2
2164,6.2
2165,6.2
2166,6.2
2167,6.2
2168,6.2
2169,6.2
2170,6.2
2171,6.2
2172,6.2
2173,6.2
2174,6.2
2175,6.2
2176,6.2
2177,6.2
2178,6.2
2179,6.2
2180,6.2
2181,6.2
2182,6.2
2183,6.2
2184,6.2
2185,6.2
2186,6.2
2187,6.2
2188,6.2
2189,6.2
2190,6.2
2191,6.2
2192,6.2
2193,6.2
2194,6.2
2195,6.2
2196,6.2
2197,6.2
2198,6.2
2199,6.2
2200,6.2
2201,6.2
2202,6.2
2203,6.2
2204,6.2
2205,6.2
2206,6.2
2207,6.2
2208,6.2
2209,6.2
2210,6.2
2211,6.2
2212,6.2
2213,6.2
2214,6.2
2215,6.2
2216,6.2
2217,6.2
2218,6.2
2219,6.2
2220,6.2
2221,6.2
2222,6.2
2223,6.2
2224,6.2
2225,6.2
2226,6.2
2227,6.2
2228,6.2
2229,6.2
2230,6.2
2231,6.2
2232,6.2
2233,6.2
2234,6.2
2235,6.2
2236,6.2
2237,6.2
2238,6.2
2239,6.2
2240,6.2
2241,6.2
2242,6.2
2243,6.2
2244,6.2
2245,6.2
2246,6.2
2247,6.2
2248,6.2
2249,6.2
2250,6.2
2251,6.2
2252,6.2
2253,6.2
2254,6.2
2255,6.2
2256,6.2
2257,6.2
2258,6.2
2259,6.2
2260,6.2
2261,6.2
2262,6.2
2263,6.2
2264,6.2
2265,6.2
2266,6.2
2267,6.2
2268,6.2
2269,6.2
2270,6.2
2271,6.2
2272,6.2
2273,6.2
2274,6.2
2275,6.2
2276,6.2
2277,6.2
2278,6.2
2279,6.2
2280,6.2
2281,6.2
2282,6.2
2283,6.2
2284,6.2
2285,6.2
2286,6.2
2287,6.2
2288,6.2
2289,6.2
2290,6.2
2291,6.2
2292,6.2
2293,6.2
2294,6.2
2295,6.2
2296,6.2
2297,6.2
2298,6.2
2299,6.2
2300,6.2
2301,6.2
2302,6.2
2303,6.2
2304,6.2
2305,6.2
2306,6.2
2307,6.2
2308,6.2
2309,6.2
2310,6.2
2311,6.2
2312,6.2
2313,6.2
2314,6.2
2315,6.2
2316,6.2
2317,6.2
2318,6.2
2319,6.2
2320,6.2
2321,6.2
2322,6.2
2323,6.2
2324,6.2
2325,6.2
2326,6.2
2327,6.2
2328,6.2
2329,6.2
2330,6.2
2331,6.2
2332,6.2
2333,6.2
2334,6.2
2335,6.2
2336,6.2
2337,6.2
2338,6.2
2339,6.2
2340,6.2
2341,6.2
2342,6.2
2343,6.2
2344,6.2
2345,6.2
2346,6.2
2347,6.2
2348,6.2
2349,6.2
2350,6.2
2351,6.2
2352,6.2
2353,6.2
2354,6.2
2355,6.2
2356,6.2
2357,6.2
2358,6.2
2359,6.2
2360,6.2
2361,6.2
2362,6.2
2363,6.2
2364,6.2
2365,6.2
2366,6.2
2367,6.2
2368,6.2
2369,6.2
2370,6.2
2371,6.2
2372,6.2
2373,6.2
2374,6.2
2375,6.2
2376,6.2
2377,6.2
2378,6.2
2379,6.2
2380,6.2
2381,6.2
2382,6.2
2383,6.2
2384,6.2
2385,6.2
2386,6.2
2387,6.2
2388,6.2
2389,6.2
2390,6.2
2391,6.2
2392,6.2
2393,6.2
2394,6.2
2395,6.2
2396,6.2
2397,6.2
2398,6.2
2399,6.2
2400,6.2
2401,6.2
2402,6.2
2403,6.2
2404,6.2
2405,6.2
2406,6.2
2407,6.2
2408,6.2
2409,6.2
2410,6.2
2411,6.2
2412,6.2
2413,6.2
2414,6.2
2415,6.2
2416,6.2
2417,6.2
2418,6.2
2419,6.2
2420,6.2
2421,6.2
2422,6.2
2423,6.2
2424,6.2
2425,6.2
2426,6.2
2427,6.2
2428,6.2
2429,6.2
2430,6.2
2431,6.2
2432,6.2
2433,6.2
2434,6.2
2435,6.2
2436,6.2
2437,6.2
2438,6.2
2439,6.2
2440,6.2
2441,6.2
2442,6.2
2443,6.2
2444,6.2
2445,6.2
2446,6.2
2447,6.2
2448,6.2
2449,6.2
2450,6.2
2451,6.2
2452,6.2
2453,6.2
2454,6.2
2455,6.2
2456,6.2
2457,6.2
2458,6.2
2459,6.2
2460,6.2
2461,6.2
2462,6.2
2463,6.2
2464,6.2
2465,6.2
2466,6.2
2467,6.2
2468,6.2
2469,6.2
2470,6.2
2471,6.2
2472,6.2
2473,6.2
2474,6.2
2475,6.2
2476,6.2
2477,6.2
2478,6.2
2479,6.2
2480,6.2
2481,6.2
2482,6.2
2483,6.2
2484,6.2
2485,6.2
2486,6.2
2487,6.2
2488,6.2
2489,6.2
2490,6.2
2491,6.2
2492,6.2
2493,6.2
2494,6.2
2495,6.2
2496,6.2
2497,6.2
2498,6.2
2499,6.2
2500,6.2
2501,6.2
2502,6.2
2503,6.2
2504,6.2
2505,6.2
2506,6.2
2507,6.2
2508,6.2
2509,6.2
2510,6.2
2511,6.2
2512,6.2
2513,6.2
2514,6.2
2515,6.2
2516,6.2
2517,6.2
2518,6.2
2519,6.2
2520,6.2
2521,6.2
2522,6.2
2523,6.2
2524,6.2
2525,6.2
2526,6.2
2527,6.2
2528,6.2
2529,6.2
2530,6.2
2531,6.2
2532,6.2
2533,6.2
2534,6.2
2535,6.2
2536,6.2
2537,6.2
2538,6.2
2539,6.2
2540,6.2
2541,6.2
2542,6.2
2543,6.2
2544,6.2
2545,6.2
2546,6.2
2547,6.2
2548,6.2
2549,6.2
2550,6.2
2551,6.2
2552,6.2
2553,6.2
2554,6.2
2555,6.2
2556,6.2
2557,6.2
2558,6.2
2559,6.2
2560,6.2
2561,6.2
2562,6.2
2563,6.2
2564,6.2
2565,6.2
2566,6.2
2567,6.2
2568,6.2
2569,6.2
2570,6.2
2571,6.2
2572,6.2
2573,6.2
2574,6.2
2575,6.2
2576,6.2
2577,6.2
2578,6.2
2579,6.2
2580,6.2
2581,6.2
2582,6.2
2583,6.2
2584,6.2
2585,6.2
2586,6.2
2587,6.2
2588,6.2
2589,6.2
2590,6.2
2591,6.2
2592,6.2
2593,6.2
2594,6.2
2595,6.2
2596,6.2
2597,6.2
2598,6.2
2599,6.2
2600,6.2
2601,6.2
2602,6.2
2603,6.2
2604,6.2
2605,6.2
2606,6.2
2607,6.2
2608,6.2
2609,6.2
2610,6.2
2611,6.2
2612,6.2
2613,6.2
2614,6.2
2615,6.2
2616,6.2
2617,6.2
2618,6.2
2619,6.2
2620,6.2
2621,6.2
2622,6.2
2623,6.2
2624,6.2
2625,6.2
2626,6.2
2627,6.2
2628,6.2
2629,6.2
2630,6.2
2631,6.2
2632,6.2
2633,6.2
2634,6.2
2635,6.2
2636,6.2
2637,6.2
2638,6.2
2639,6.2
2640,6.2
2641,6.2
2642,6.2
2643,6.2
2644,6.2
2645,6.2
2646,6.2
2647,6.2
2648,6.2
2649,6.2
2650,6.2
2651,6.2
2652,6.2
2653,6.2
2654,6.2
2655,6.2
2656,6.2
2657,6.2
2658,6.2
2659,6.2
2660,6.2
2661,6.2
2662,6.2
2663,6.2
2664,6.2
2665,6.2
2666,6.2
2667,6.2
2668,6.2
2669,6.2
2670,6.2
2671,6.2
2672,6.2
2673,6.2
2674,6.2
2675,6.2
2676,6.2
2677,6.2
2678,6.2
2679,6.2
2680,6.2
2681,6.2
2682,6.2
2683,6.2
2684,6.2
2685,6.2
2686,6.2
2687,6.2
2688,6.2
2689,6.2
2690,6.2
2691,6.2
2692,6.2
2693,6.2
2694,6.2
2695,6.2
2696,6.2
2697,6.2
2698,6.2
2699,6.2
2700,6.2
2701,6.2
2702,6.2
2703,6.2
2704,6.2
2705,6.2
2706,6.2
2707,6.2
2708,6.2
2709,6.2
2710,6.2
2711,6.2
2712,6.2
2713,6.2
2714,6.2
2715,6.2
2716,6.2
2717,6.2
2718,6.2
2719,6.2
2720,6.2
2721,6.2
2722,6.2
2723,6.2
2724,6.2
2725,6.2
2726,6.2
2727,6.2
2728,6.2
2729,6.2
2730,6.2
2731,6.2
2732,6.2
2733,6.2
2734,6.2
2735,6.2
2736,6.2
2737,6.2
2738,6.2
2739,6.2
2740,6.2
2741,6.2
2742,6.2
2743,6.2
2744,6.2
2745,6.2
2746,6.2
2747,6.2
2748,6.2
2749,6.2
2750,6.2
2751,6.2
2752,6.2
2753,6.2
2754,6.2
2755,6.2
2756,6.2
2757,6.2
2758,6.2
2759,6.2
2760,6.2
2761,6.2
2762,6.2
2763,6.2
2764,6.2
2765,6.2
2766,6.2
2767,6.2
2768,6.2
2769,6.2
2770,6.2
2771,6.2
2772,6.2
2773,6.2
2774,6.2
2775,6.2
2776,6.2
2777,6.2
2778,6.2
2779,6.2
2780,6.2
2781,6.2
2782,6.2
2783,6.2
2784,6.2
2785,6.2
2786,6.2
2787,6.2
2788,6.2
2789,6.2
2790,6.2
2791,6.2
2792,6.2
2793,6.2
2794,6.2
2795,6.2
2796,6.2
2797,6.2
2798,6.2
2799,6.2
2800,6.2
2801,6.2
2802,6.2
2803,6.2
2804,6.2
2805,6.2
2806,6.2
2807,6.2
2808,6.2
2809,6.2
2810,6.2
2811,6.2
2812,6.2
2813,6.2
2814,6.2
2815,6.2
2816,6.2
2817,6.2
2818,6.2
2819,6.2
2820,6.2
2821,6.2
2822,6.2
2823,6.2
2824,6.2
2825,6.2
2826,6.2
2827,6.2
2828,6.2
2829,6.2
2830,6.2
2831,6.2
2832,6.2
2833,6.2
2834,6.2
2835,6.2
2836,6.2
2837,6.2
2838,6.2
2839,6.2
2840,6.2
2841,6.2
2842,6.2
2843,6.2
2844,6.2
2845,6.2
2846,6.2
2847,6.2
2848,6.2
2849,6.2
2850,6.2
2851,6.2
2852,6.2
2853,6.2
2854,6.2
2855,6.2
2856,6.2
2857,6.2
2858,6.2
2859,6.2
2860,6.2
2861,6.2
2862,6.2
2863,6.2
2864,6.2
2865,6.2
2866,6.2
2867,6.2
2868,6.2
2869,6.2
2870,6.2
2871,6.2
2872,6.2
2873,6.2
2874,6.2
2875,6.2
2876,6.2
2877,6.2
2878,6.2
2879,6.2
2880,6.2
2881,6.2
2882,6.2
2883,6.2
2884,6.2
2885,6.2
2886,6.2
2887,6.2
2888,6.2
2889,6.2
2890,6.2
2891,6.2
2892,6.2
2893,6.2
2894,6.2
2895,6.2
2896,6.2
2897,6.2
2898,6.2
2899,6.2
2900,6.2
2901,6.2
2902,6.2
2903,6.2
2904,6.2
2905,6.2
2906,6.2
2907,6.2
2908,6.2
2909,6.2
2910,6.2
2911,6.2
2912,6.2
2913,6.2
2914,6.2
2915,6.2
2916,6.2
2917,6.2
2918,6.2
2919,6.2
2920,6.2
2921,6.2
2922,6.2
2923,6.2
2924,6.2
2925,6.2
2926,6.2
2927,6.2
2928,6.2
2929,6.2
2930,6.2
2931,6.2
2932,6.2
2933,6.2
2934,6.2
2935,6.2
2936,6.2
2937,6.2
2938,6.2
2939,6.2
2940,6.2
2941,6.2
2942,6.2
2943,6.2
2944,6.2
2945,6.2
2946,6.2
2947,6.2
2948,6.2
2949,6.2
2950,6.2
2951,6.2
2952,6.2
2953,6.2
2954,6.2
2955,6.2
2956,6.2
2957,6.2
2958,6.2
2959,6.2
2960,6.2
2961,6.2
2962,6.2
2963,6.2
2964,6.2
2965,6.2
2966,6.2
2967,6.2
2968,6.2
2969,6.2
2970,6.2
2971,6.2
2972,6.2
2973,6.2
2974,6.2
2975,6.2
2976,6.2
2977,6.2
2978,6.2
2979,6.2
2980,6.2
2981,6.2
2982,6.2
2983,6.2
2984,6.2
2985,6.2
2986,6.2
2987,6.2
2988,6.2
2989,6.2
2990,6.2
2991,6.2
2992,6.2
2993,6.2
2994,6.2
2995,6.2
2996,6.2
2997,6.2
2998,6.2
2999,6.2
3000,6.2
3001,6.2
3002,6.2
3003,6.2
3004,6.2
3005,6.2
3006,6.2
3007,6.2
3008,6.2
3009,6.2
3010,6.2
3011,6.2
3012,6.2
3013,6.2
3014,6.2
3015,6.2
3016,6.2
3017,6.2
3018,6.2
3019,6.2
3020,6.2
3021,6.2
3022,6.2
3023,6.2
3024,6.2
3025,6.2
3026,6.2
3027,6.2
3028,6.2
3029,6.2
3030,6.2
3031,6.2
3032,6.2
3033,6.2
3034,6.2
3035,6.2
3036,6.2
3037,6.2
3038,6.2
3039,6.2
3040,6.2
3041,6.2
3042,6.2
3043,6.2
3044,6.2
3045,6.2
3046,6.2
3047,6.2
3048,6.2
3049,6.2
3050,6.2
3051,6.2
3052,6.2
3053,6.2
3054,6.2
3055,6.2
3056,6.2
3057,6.2
3058,6.2
3059,6.2
3060,6.2
3061,6.2
3062,6.2
3063,6.2
3064,6.2
3065,6.2
3066,6.2
3067,6.2
3068,6.2
3069,6.2
3070,6.2
3071,6.2
3072,6.2
3073,6.2
3074,6.2
3075,6.2
3076,6.2
3077,6.2
3078,6.2
3079,6.2
3080,6.2
3081,6.2
3082,6.2
3083,6.2
3084,6.2
3085,6.2
3086,6.2
3087,6.2
3088,6.2
3089,6.2
3090,6.2
3091,6.2
3092,6.2
3093,6.2
3094,6.2
3095,6.2
3096,6.2
3097,6.2
3098,6.2
3099,6.2
3100,6.2
3101,6.2
3102,6.2
3103,6.2
3104,6.2
3105,6.2
3106,6.2
3107,6.2
3108,6.2
3109,6.2
3110,6.2
3111,6.2
3112,6.2
3113,6.2
3114,6.2
3115,6.2
3116,6.2
3117,6.2
3118,6.2
3119,6.2
3120,6.2
3121,6.2
3122,6.2
3123,6.2
3124,6.2
3125,6.2
3126,6.2
3127,6.2
3128,6.2
3129,6.2
3130,6.2
3131,6.2
3132,6.2
3133,6.2
3134,6.2
3135,6.2
3136,6.2
3137,6.2
3138,6.2
3139,6.2
3140,6.2
3141,6.2
3142,6.2
3143,6.2
3144,6.2
3145,6.2
3146,6.2
3147,6.2
3148,6.2
3149,6.2
3150,6.2
3151,6.2
3152,6.2
3153,6.2
3154,6.2
3155,6.2
3156,6.2
3157,6.2
3158,6.2
3159,6.2
3160,6.2
3161,6.2
3162,6.2
3163,6.2
3164,6.2
3165,6.2
3166,6.2
3167,6.2
3168,6.2
3169,6.2
3170,6.2
3171,6.2
3172,6.2
3173,6.2
3174,6.2
3175,6.2
3176,6.2
3177,6.2
3178,6.2
3179,6.2
3180,6.2
3181,6.2
3182,6.2
3183,6.2
3184,6.2
3185,6.2
3186,6.2
3187,6.2
3188,6.2
3189,6.2
3190,6.2
3191,6.2
3192,6.2
3193,6.2
3194,6.2
3195,6.2
3196,6.2
3197,6.2
3198,6.2
3199,6.2
3200,6.2
3201,6.2
3202,6.2
3203,6.2
3204,6.2
3205,6.2
3206,6.2
3207,6.2
3208,6.2
3209,6.2
3210,6.2
3211,6.2
3212,6.2
3213,6.2
3214,6.2
3215,6.2
3216,6.2
3217,6.2
3218,6.2
3219,6.2
3220,6.2
3221,6.2
3222,6.2
3223,6.2
3224,6.2
3225,6.2
3226,6.2
3227,6.2
3228,6.2
3229,6.2
3230,6.2
3231,6.2
3232,6.2
3233,6.2
3234,6.2
3235,6.2
3236,6.2
3237,6.2
3238,6.2
3239,6.2
3240,6.2
3241,6.2
3242,6.2
3243,6.2
3244,6.2
3245,6.2
3246,6.2
3247,6.2
3248,6.2
3249,6.2
3250,6.2
3251,6.2
3252,6.2
3253,6.2
3254,6.2
3255,6.2
3256,6.2
3257,6.2
3258,6.2
3259,6.2
3260,6.2
3261,6.2
3262,6.2
3263,6.2
3264,6.2
3265,6.2
3266,6.2
3267,6.2
3268,6.2
3269,6.2
3270,6.2
3271,6.2
3272,6.2
3273,6.2
3274,6.2
3275,6.2
3276,6.2
3277,6.2
3278,6.2
3279,6.2
3280,6.2
3281,6.2
3282,6.2
3283,6.2
3284,6.2
3285,6.2
3286,6.2
3287,6.2
3288,6.2
3289,6.2
3290,6.2
3291,6.2
3292,6.2
3293,6.2
3294,6.2
3295,6.2
3296,6.2
3297,6.2
3298,6.2
3299,6.2
3300,6.2
3301,6.2
3302,6.2
3303,6.2
3304,6.2
3305,6.2
3306,6.2
3307,6.2
3308,6.2
3309,6.2
3310,6.2
3311,6.2
3312,6.2
3313,6.2
3314,6.2
3315,6.2
3316,6.2
3317,6.2
3318,6.2
3319,6.2
3320,6.2
3321,6.2
3322,6.2
3323,6.2
3324,6.2
3325,6.2
3326,6.2
3327,6.2
3328,6.2
3329,6.2
3330,6.2
3331,6.2
3332,6.2
3333,6.2
3334,6.2
3335,6.2
3336,6.2
3337,6.2
3338,6.2
3339,6.2
3340,6.2
3341,6.2
3342,6.2
3343,6.2
3344,6.2
3345,6.2
3346,6.2
3347,6.2
3348,6.2
3349,6.2
3350,6.2
3351,6.2
3352,6.2
3353,6.2
3354,6.2
3355,6.2
3356,6.2
3357,6.2
3358,6.2
3359,6.2
3360,6.2
3361,6.2
3362,6.2
3363,6.2
3364,6.2
3365,6.2
3366,6.2
3367,6.2
3368,6.2
3369,6.2
3370,6.2
3371,6.2
3372,6.2
3373,6.2
3374,6.2
3375,6.2
3376,6.2
3377,6.2
3378,6.2
3379,6.2
3380,6.2
3381,6.2
3382,6.2
3383,6.2
3384,6.2
3385,6.2
3386,6.2
3387,6.2
3388,6.2
3389,6.2
3390,6.2
3391,6.2
3392,6.2
3393,6.2
3394,6.2
3395,6.2
3396,6.2
3397,6.2
3398,6.2
3399,6.2
3400,6.2
3401,6.2
3402,6.2
3403,6.2
3404,6.2
3405,6.2
3406,6.2
3407,6.2
3408,6.2
3409,6.2
3410,6.2
3411,6.2
3412,6.2
3413,6.2
3414,6.2
3415,6.2
3416,6.2
3417,6.2
3418,6.2
3419,6.2
3420,6.2
3421,6.2
3422,6.2
3423,6.2
3424,6.2
3425,6.2
3426,6.2
3427,6.2
3428,6.2
3429,6.2
3430,6.2
3431,6.2
3432,6.2
3433,6.2
3434,6.2
3435,6.2
3436,6.2
3437,6.2
3438,6.2
3439,6.2
3440,6.2
3441,6.2
3442,6.2
3443,6.2
3444,6.2
3445,6.2
3446,6.2
3447,6.2
3448,6.2
3449,6.2
3450,6.2
3451,6.2
3452,6.2
3453,6.2
3454,6.2
3455,6.2
3456,6.2
3457,6.2
3458,6.2
3459,6.2
3460,6.2
3461,6.2
3462,6.2
3463,6.2
3464,6.2
3465,6.2
3466,6.2
3467,6.2
3468,6.2
3469,6.2
3470,6.2
3471,6.2
3472,6.2
3473,6.2
3474,6.2
3475,6.2
3476,6.2
3477,6.2
3478,6.2
3479,6.2
3480,6.2
3481,6.2
3482,6.2
3483,6.2
3484,6.2
3485,6.2
3486,6.2
3487,6.2
3488,6.2
3489,6.2
3490,6.2
3491,6.2
3492,6.2
3493,6.2
3494,6.2
3495,6.2
3496,6.2
3497,6.2
3498,6.2
3499,6.2
3500,6.2
3501,6.2
3502,6.2
3503,6.2
3504,6.2
3505,6.2
3506,6.2
3507,6.2
3508,6.2
3509,6.2
3510,6.2
3511,6.2
3512,6.2
3513,6.2
3514,6.2
3515,6.2
3516,6.2
3517,6.2
3518,6.2
3519,6.2
3520,6.2
3521,6.2
3522,6.2
3523,6.2
3524,6.2
3525,6.2
3526,6.2
3527,6.2
3528,6.2
3529,6.2
3530,6.2
3531,6.2
3532,6.2
3533,6.2
3534,6.2
3535,6.2
3536,6.2
3537,6.2
3538,6.2
3539,6.2
3540,6.2
3541,6.2
3542,6.2
3543,6.2
3544,6.2
3545,6.2
3546,6.2
3547,6.2
3548,6.2
3549,6.2
3550,6.2
3551,6.2
3552,6.2
3553,6.2
3554,6.2
3555,6.2
3556,6.2
3557,6.2
3558,6.2
3559,6.2
3560,6.2
3561,6.2
3562,6.2
3563,6.2
3564,6.2
3565,6.2
3566,6.2
3567,6.2
3568,6.2
3569,6.2
3570,6.2
3571,6.2
3572,6.2
3573,6.2
3574,6.2
3575,6.2
3576,6.2
3577,6.2
3578,6.2
3579,6.2
3580,6.2
3581,6.2
3582,6.2
3583,6.2
3584,6.2
3585,6.2
3586,6.2
3587,6.2
3588,6.2
3589,6.2
3590,6.2
3591,6.2
3592,6.2
3593,6.2
3594,6.2
3595,6.2
3596,6.2
3597,6.2
3598,6.2
3599,6.2
3600,6.2
3601,6.2
3602,6.2
3603,6.2
3604,6.2
3605,6.2
3606,6.2
3607,6.2
3608,6.2
3609,6.2
3610,6.2
3611,6.2
3612,6.2
3613,6.2
3614,6.2
3615,6.2
3616,6.2
3617,6.2
3618,6.2
3619,6.2
3620,6.2
3621,6.2
3622,6.2
3623,6.2
3624,6.2
3625,6.2
3626,6.2
3627,6.2
3628,6.2
3629,6.2
3630,6.2
3631,6.2
3632,6.2
3633,6.2
3634,6.2
3635,6.2
3636,6.2
3637,6.2
3638,6.2
3639,6.2
3640,6.2
3641,6.2
3642,6.2
3643,6.2
3644,6.2
3645,6.2
3646,6.2
3647,6.2
3648,6.2
3649,6.2
3650,6.2
3651,6.2
3652,6.2
3653,6.2
3654,6.2
3655,6.2
3656,6.2
3657,6.2
3658,6.2
3659,6.2
3660,6.2
3661,6.2
3662,6.2
3663,6.2
3664,6.2
3665,6.2
3666,6.2
3667,6.2
3668,6.2
3669,6.2
3670,6.2
3671,6.2
3672,6.2
3673,6.2
3674,6.2
3675,6.2
3676,6.2
3677,6.2
3678,6.2
3679,6.2
3680,6.2
3681,6.2
3682,6.2
3683,6.2
3684,6.2
3685,6.2
3686,6.2
3687,6.2
3688,6.2
3689,6.2
3690,6.2
3691,6.2
3692,6.2
3693,6.2
3694,6.2
3695,6.2
3696,6.2
3697,6.2
3698,6.2
3699,6.2
3700,6.2
3701,6.2
3702,6.2
3703,6.2
3704,6.2
3705,6.2
3706,6.2
3707,6.2
3708,6.2
3709,6.2
3710,6.2
3711,6.2
3712,6.2
3713,6.2
3714,6.2
3715,6.2
3716,6.2
3717,6.2
3718,6.2
3719,6.2
3720,6.2
3721,6.2
3722,6.2
3723,6.2
3724,6.2
3725,6.2
3726,6.2
3727,6.2
3728,6.2
3729,6.2
3730,6.2
3731,6.2
3732,6.2
3733,6.2
3734,6.2
3735,6.2
3736,6.2
3737,6.2
3738,6.2
3739,6.2
3740,6.2
3741,6.2
3742,6.2
3743,6.2
3744,6.2
3745,6.2
3746,6.2
3747,6.2
3748,6.2
3749,6.2
3750,6.2
3751,6.2
3752,6.2
3753,6.2
3754,6.2
3755,6.2
3756,6.2
3757,6.2
3758,6.2
3759,6.2
3760,6.2
3761,6.2
3762,6.2
3763,6.2
3764,6.2
3765,6.2
3766,6.2
3767,6.2
3768,6.2
3769,6.2
3770,6.2
3771,6.2
3772,6.2
3773,6.2
3774,6.2
3775,6.2
3776,6.2
3777,6.2
3778,6.2
3779,6.2
3780,6.2
3781,6.2
3782,6.2
3783,6.2
3784,6.2
3785,6.2
3786,6.2
3787,6.2
3788,6.2
3789,6.2
3790,6.2
3791,6.2
3792,6.2
3793,6.2
3794,6.2
3795,6.2
3796,6.2
3797,6.2
3798,6.2
3799,6.2
3800,6.2
3801,6.2
3802,6.2
3803,6.2
3804,6.2
3805,6.2
3806,6.2
3807,6.2
3808,6.2
3809,6.2
3810,6.2
3811,6.2
3812,6.2
3813,6.2
3814,6.2
3815,6.2
3816,6.2
3817,6.2
3818,6.2
3819,6.2
3820,6.2
3821,6.2
3822,6.2
3823,6.2
3824,6.2
3825,6.2
3826,6.2
3827,6.2
3828,6.2
3829,6.2
3830,6.2
3831,6.2
3832,6.2
3833,6.2
3834,6.2
3835,6.2
3836,6.2
3837,6.2
3838,6.2
3839,6.2
3840,6.2
3841,6.2
3842,6.2
3843,6.2
3844,6.2
3845,6.2
3846,6.2
3847,6.2
3848,6.2
3849,6.2
3850,6.2
3851,6.2
3852,6.2
3853,6.2
3854,6.2
3855,6.2
3856,6.2
3857,6.2
3858,6.2
3859,6.2
3860,6.2
3861,6.2
3862,6.2
3863,6.2
3864,6.2
3865,6.2
3866,6.2
3867,6.2
3868,6.2
3869,6.2
3870,6.2
3871,6.2
3872,6.2
3873,6.2
3874,6.2
3875,6.2
3876,6.2
3877,6.2
3878,6.2
3879,6.2
3880,6.2
3881,6.2
3882,6.2
3883,6.2
3884,6.2
3885,6.2
3886,6.2
3887,6.2
3888,6.2
3889,6.2
3890,6.2
3891,6.2
3892,6.2
3893,6.2
3894,6.2
3895,6.2
3896,6.2
3897,6.2
3898,6.2
3899,6.2
3900,6.2
3901,6.2
3902,6.2
3903,6.2
3904,6.2
3905,6.2
3906,6.2
3907,6.2
3908,6.2
3909,6.2
3910,6.2
3911,6.2
3912,6.2
3913,6.2
3914,6.2
3915,6.2
3916,6.2
3917,6.2
3918,6.2
3919,6.2
3920,6.2
3921,6.2
3922,6.2
3923,6.2
3924,6.2
3925,6.2
3926,6.2
3927,6.2
3928,6.2
3929,6.2
3930,6.2
3931,6.2
3932,6.2
3933,6.2
3934,6.2
3935,6.2
3936,6.2
3937,6.2
3938,6.2
3939,6.2
3940,6.2
3941,6.2
3942,6.2
3943,6.2
3944,6.2
3945,6.2
3946,6.2
3947,6.2
3948,6.2
3949,6.2
3950,6.2
3951,6.2
3952,6.2
3953,6.2
3954,6.2
3955,6.2
3956,6.2
3957,6.2
3958,6.2
3959,6.2
3960,6.2
3961,6.2
3962,6.2
3963,6.2
3964,6.2
3965,6.2
3966,6.2
3967,6.2
3968,6.2
3969,6.2
3970,6.2
3971,6.2
3972,6.2
3973,6.2
3974,6.2
3975,6.2
3976,6.2
3977,6.2
3978,6.2
3979,6.2
3980,6.2
3981,6.2
3982,6.2
3983,6.2
3984,6.2
3985,6.2
3986,6.2
3987,6.2
3988,6.2
3989,6.2
3990,6.2
3991,6.2
3992,6.2
3993,6.2
3994,6.2
3995,6.2
3996,6.2
3997,6.2
3998,6.2
3999,6.2
4000,6.2
4001,6.2
4002,6.2
4003,6.2
4004,6.2
4005,6.2
4006,6.2
4007,6.2
4008,6.2
4009,6.2
4010,6.2
4011,6.2
4012,6.2
4013,6.2
4014,6.2
4015,6.2
4016,6.2
4017,6.2
4018,6.2
4019,6.2
4020,6.2
4021,6.2
4022,6.2
4023,6.2
4024,6.2
4025,6.2
4026,6.2
4027,6.2
4028,6.2
4029,6.2
4030,6.2
4031,6.2
4032,6.2
4033,6.2
4034,6.2
4035,6.2
4036,6.2
4037,6.2
4038,6.2
4039,6.2
4040,6.2
4041,6.2
4042,6.2
4043,6.2
4044,6.2
4045,6.2
4046,6.2
4047,6.2
4048,6.2
4049,6.2
4050,6.2
4051,6.2
4052,6.2
4053,6.2
4054,6.2
4055,6.2
4056,6.2
4057,6.2
4058,6.2
4059,6.2
4060,6.2
4061,6.2
4062,6.2
4063,6.2
4064,6.2
4065,6.2
4066,6.2
4067,6.2
4068,6.2
4069,6.2
4070,6.2
4071,6.2
4072,6.2
4073,6.2
4074,6.2
4075,6.2
4076,6.2
4077,6.2
4078,6.2
4079,6.2
4080,6.2
4081,6.2
4082,6.2
4083,6.2
4084,6.2
4085,6.2
4086,6.2
4087,6.2
4088,6.2
4089,6.2
4090,6.2
4091,6.2
4092,6.2
4093,6.2
4094,6.2
4095,6.2
4096,6.2
4097,6.2
4098,6.2
4099,6.2
4100,6.2
4101,6.2
4102,6.2
4103,6.2
4104,6.2
4105,6.2
4106,6.2
4107,6.2
4108,6.2
4109,6.2
4110,6.2
4111,6.2
4112,6.2
4113,6.2
4114,6.2
4115,6.2
4116,6.2
4117,6.2
4118,6.2
4119,6.2
4120,6.2
4121,6.2
4122,6.2
4123,6.2
4124,6.2
4125,6.2
4126,6.2
4127,6.2
4128,6.2
4129,6.2
4130,6.2
4131,6.2
4132,6.2
4133,6.2
4134,6.2
4135,6.2
4136,6.2
4137,6.2
4138,6.2
4139,6.2
4140,6.2
4141,6.2
4142,6.2
4143,6.2
4144,6.2
4145,6.2
4146,6.2
4147,6.2
4148,6.2
4149,6.2
4150,6.2
4151,6.2
4152,6.2
4153,6.2
4154,6.2
4155,6.2
4156,6.2
4157,6.2
4158,6.2
4159,6.2
4160,6.2
4161,6.2
4162,6.2
4163,6.2
4164,6.2
4165,6.2
4166,6.2
4167,6.2
4168,6.2
4169,6.2
4170,6.2
4171,6.2
4172,6.2
4173,6.2
4174,6.2
4175,6.2
4176,6.2
4177,6.2
4178,6.2
4179,6.2
4180,6.2
4181,6.2
4182,6.2
4183,6.2
4184,6.2
4185,6.2
4186,6.2
4187,6.2
4188,6.2
4189,6.2
4190,6.2
4191,6.2
4192,6.2
4193,6.2
4194,6.2
4195,6.2
4196,6.2
4197,6.2
4198,6.2
4199,6.2
4200,6.2
4201,6.2
4202,6.2
4203,6.2
4204,6.2
4205,6.2
4206,6.2
4207,6.2
4208,6.2
4209,6.2
4210,6.2
4211,6.2
4212,6.2
4213,6.2
4214,6.2
4215,6.2
4216,6.2
4217,6.2
4218,6.2
4219,6.2
4220,6.2
4221,6.2
4222,6.2
4223,6.2
4224,6.2
4225,6.2
4226,6.2
4227,6.2
4228,6.2
4229,6.2
4230,6.2
4231,6.2
4232,6.2
4233,6.2
4234,6.2
4235,6.2
4236,6.2
4237,6.2
4238,6.2
4239,6.2
4240,6.2
4241,6.2
4242,6.2
4243,6.2
4244,6.2
4245,6.2
4246,6.2
4247,6.2
4248,6.2
4249,6.2
4250,6.2
4251,6.2
4252,6.2
4253,6.2
4254,6.2
4255,6.2
4256,6.2
4257,6.2
4258,6.2
4259,6.2
4260,6.2
4261,6.2
4262,6.2
4263,6.2
4264,6.2
4265,6.2
4266,6.2
4267,6.2
4268,6.2
4269,6.2
4270,6.2
4271,6.2
4272,6.2
4273,6.2
4274,6.2
4275,6.2
4276,6.2
4277,6.2
4278,6.2
4279,6.2
4280,6.2
4281,6.2
4282,6.2
4283,6.2
4284,6.2
4285,6.2
4286,6.2
4287,6.2
4288,6.2
4289,6.2
4290,6.2
4291,6.2
4292,6.2
4293,6.2
4294,6.2
4295,6.2
4296,6.2
4297,6.2
4298,6.2
4299,6.2
4300,6.2
4301,6.2
4302,6.2
4303,6.2
4304,6.2
4305,6.2
4306,6.2
4307,6.2
4308,6.2
4309,6.2
4310,6.2
4311,6.2
4312,6.2
4313,6.2
4314,6.2
4315,6.2
4316,6.2
4317,6.2
4318,6.2
4319,6.2
4320,6.2
4321,6.2
4322,6.2
4323,6.2
4324,6.2
4325,6.2
4326,6.2
4327,6.2
4328,6.2
4329,6.2
4330,6.2
4331,6.2
4332,6.2
4333,6.2
4334,6.2
4335,6.2
4336,6.2
4337,6.2
4338,6.2
4339,6.2
4340,6.2
4341,6.2
4342,6.2
4343,6.2
4344,6.2
4345,6.2
4346,6.2
4347,6.2
4348,6.2
4349,6.2
4350,6.2
4351,6.2
4352,6.2
4353,6.2
4354,6.2
4355,6.2
4356,6.2
4357,6.2
4358,6.2
4359,6.2
4360,6.2
4361,6.2
4362,6.2
4363,6.2
4364,6.2
4365,6.2
4366,6.2
4367,6.2
4368,6.2
4369,6.2
4370,6.2
4371,6.2
4372,6.2
4373,6.2
4374,6.2
4375,6.2
4376,6.2
4377,6.2
4378,6.2
4379,6.2
4380,6.2
4381,6.2
4382,6.2
4383,6.2
4384,6.2
4385,6.2
4386,6.2
4387,6.2
4388,6.2
4389,6.2
4390,6.2
4391,6.2
4392,6.2
4393,6.2
4394,6.2
4395,6.2
4396,6.2
4397,6.2
4398,6.2
4399,6.2
4400,6.2
4401,6.2
4402,6.2
4403,6.2
4404,6.2
4405,6.2
4406,6.2
4407,6.2
4408,6.2
4409,6.2
4410,6.2
4411,6.2
4412,6.2
4413,6.2
4414,6.2
4415,6.2
4416,6.2
4417,6.2
4418,6.2
4419,6.2
4420,6.2
4421,6.2
4422,6.2
4423,6.2
4424,6.2
4425,6.2
4426,6.2
4427,6.2
4428,6.2
4429,6.2
4430,6.2
4431,6.2
4432,6.2
4433,6.2
4434,6.2
4435,6.2
4436,6.2
4437,6.2
4438,6.2
4439,6.2
4440,6.2
4441,6.2
4442,6.2
4443,6.2
4444,6.2
4445,6.2
4446,6.2
4447,6.2
4448,6.2
4449,6.2
4450,6.2
4451,6.2
4452,6.2
4453,6.2
4454,6.2
4455,6.2
4456,6.2
4457,6.2
4458,6.2
4459,6.2
4460,6.2
4461,6.2
4462,6.2
4463,6.2
4464,6.2
4465,6.2
4466,6.2
4467,6.2
4468,6.2
4469,6.2
4470,6.2
4471,6.2
4472,6.2
4473,6.2
4474,6.2
4475,6.2
4476,6.2
4477,6.2
4478,6.2
4479,6.2
4480,6.2
4481,6.2
4482,6.2
4483,6.2
4484,6.2
4485,6.2
4486,6.2
4487,6.2
4488,6.2
4489,6.2
4490,6.2
4491,6.2
4492,6.2
4493,6.2
4494,6.2
4495,6.2
4496,6.2
4497,6.2
4498,6.2
4499,6.2
4500,6.2
4501,6.2
4502,6.2
4503,6.2
4504,6.2
4505,6.2
4506,6.2
4507,6.2
4508,6.2
4509,6.2
4510,6.2
4511,6.2
4512,6.2
4513,6.2
4514,6.2
4515,6.2
4516,6.2
4517,6.2
4518,6.2
4519,6.2
4520,6.2
4521,6.2
4522,6.2
4523,6.2
4524,6.2
4525,6.2
4526,6.2
4527,6.2
4528,6.2
4529,6.2
4530,6.2
4531,6.2
4532,6.2
4533,6.2
4534,6.2
4535,6.2
4536,6.2
4537,6.2
4538,6.2
4539,6.2
4540,6.2
4541,6.2
4542,6.2
4543,6.2
4544,6.2
4545,6.2
4546,6.2
4547,6.2
4548,6.2
4549,6.2
4550,6.2
4551,6.2
4552,6.2
4553,6.2
4554,6.2
4555,6.2
4556,6.2
4557,6.2
4558,6.2
4559,6.2
4560,6.2
4561,6.2
4562,6.2
4563,6.2
4564,6.2
4565,6.2
4566,6.2
4567,6.2
4568,6.2
4569,6.2
4570,6.2
4571,6.2
4572,6.2
4573,6.2
4574,6.2
4575,6.2
4576,6.2
4577,6.2
4578,6.2
4579,6.2
4580,6.2
4581,6.2
4582,6.2
4583,6.2
4584,6.2
4585,6.2
4586,6.2
4587,6.2
4588,6.2
4589,6.2
4590,6.2
4591,6.2
4592,6.2
4593,6.2
4594,6.2
4595,6.2
4596,6.2
4597,6.2
4598,6.2
4599,6.2
4600,6.2
4601,6.2
4602,6.2
4603,6.2
4604,6.2
4605,6.2
4606,6.2
4607,6.2
4608,6.2
4609,6.2
4610,6.2
4611,6.2
4612,6.2
4613,6.2
4614,6.2
4615,6.2
4616,6.2
4617,6.2
4618,6.2
4619,6.2
4620,6.2
4621,6.2
4622,6.2
4623,6.2
4624,6.2
4625,6.2
4626,6.2
4627,6.2
4628,6.2
4629,6.2
4630,6.2
4631,6.2
4632,6.2
4633,6.2
4634,6.2
4635,6.2
4636,6.2
4637,6.2
4638,6.2
4639,6.2
4640,6.2
4641,6.2
4642,6.2
4643,6.2
4644,6.2
4645,6.2
4646,6.2
4647,6.2
4648,6.2
4649,6.2
4650,6.2
4651,6.2
4652,6.2
4653,6.2
4654,6.2
4655,6.2
4656,6.2
4657,6.2
4658,6.2
4659,6.2
4660,6.2
4661,6.2
4662,6.2
4663,6.2
4664,6.2
4665,6.2
4666,6.2
4667,6.2
4668,6.2
4669,6.2
4670,6.2
4671,6.2
4672,6.2
4673,6.2
4674,6.2
4675,6.2
4676,6.2
4677,6.2
4678,6.2
4679,6.2
4680,6.2
4681,6.2
4682,6.2
4683,6.2
4684,6.2
4685,6.2
4686,6.2
4687,6.2
4688,6.2
4689,6.2
4690,6.2
4691,6.2
4692,6.2
4693,6.2
4694,6.2
4695,6.2
4696,6.2
4697,6.2
4698,6.2
4699,6.2
4700,6.2
4701,6.2
4702,6.2
4703,6.2
4704,6.2
4705,6.2
4706,6.2
4707,6.2
4708,6.2
4709,6.2
4710,6.2
4711,6.2
4712,6.2
4713,6.2
4714,6.2
4715,6.2
4716,6.2
4717,6.2
4718,6.2
4719,6.2
4720,6.2
4721,6.2
4722,6.2
4723,6.2
4724,6.2
4725,6.2
4726,6.2
4727,6.2
4728,6.2
4729,6.2
4730,6.2
4731,6.2
4732,6.2
4733,6.2
4734,6.2
4735,6.2
4736,6.2
4737,6.2
4738,6.2
4739,6.2
4740,6.2
4741,6.2
4742,6.2
4743,6.2
4744,6.2
4745,6.2
4746,6.2
4747,6.2
4748,6.2
4749,6.2
4750,6.2
4751,6.2
4752,6.2
4753,6.2
4754,6.2
4755,6.2
4756,6.2
4757,6.2
4758,6.2
4759,6.2
4760,6.2
4761,6.2
4762,6.2
4763,6.2
4764,6.2
4765,6.2
4766,6.2
4767,6.2
4768,6.2
4769,6.2
4770,6.2
4771,6.2
4772,6.2
4773,6.2
4774,6.2
4775,6.2
4776,6.2
4777,6.2
4778,6.2
4779,6.2
4780,6.2
4781,6.2
4782,6.2
4783,6.2
4784,6.2
4785,6.2
4786,6.2
4787,6.2
4788,6.2
4789,6.2
4790,6.2
4791,6.2
4792,6.2
4793,6.2
4794,6.2
4795,6.2
4796,6.2
4797,6.2
4798,6.2
4799,6.2
4800,6.2
4801,6.2
4802,6.2
4803,6.2
4804,6.2
4805,6.2
4806,6.2
4807,6.2
4808,6.2
4809,6.2
4810,6.2
4811,6.2
4812,6.2
4813,6.2
4814,6.2
4815,6.2
4816,6.2
4817,6.2
4818,6.2
4819,6.2
4820,6.2
4821,6.2
4822,6.2
4823,6.2
4824,6.2
4825,6.2
4826,6.2
4827,6.2
4828,6.2
4829,6.2
4830,6.2
4831,6.2
4832,6.2
4833,6.2
4834,6.2
4835,6.2
4836,6.2
4837,6.2
4838,6.2
4839,6.2
4840,6.2
4841,6.2
4842,6.2
4843,6.2
4844,6.2
4845,6.2
4846,6.2
4847,6.2
4848,6.2
4849,6.2
4850,6.2
4851,6.2
4852,6.2
4853,6.2
4854,6.2
4855,6.2
4856,6.2
4857,6.2
4858,6.2
4859,6.2
4860,6.2
4861,6.2
4862,6.2
4863,6.2
4864,6.2
4865,6.2
4866,6.2
4867,6.2
4868,6.2
4869,6.2
4870,6.2
4871,6.2
4872,6.2
4873,6.2
4874,6.2
4875,6.2
4876,6.2
4877,6.2
4878,6.2
4879,6.2
4880,6.2
4881,6.2
4882,6.2
4883,6.2
4884,6.2
4885,6.2
4886,6.2
4887,6.2
4888,6.2
4889,6.2
4890,6.2
4891,6.2
4892,6.2
4893,6.2
4894,6.2
4895,6.2
4896,6.2
4897,6.2
4898,6.2
4899,6.2
4900,6.2
4901,6.2
4902,6.2
4903,6.2
4904,6.2
4905,6.2
4906,6.2
4907,6.2
4908,6.2
4909,6.2
4910,6.2
4911,6.2
4912,6.2
4913,6.2
4914,6.2
4915,6.2
4916,6.2
4917,6.2
4918,6.2
4919,6.2
4920,6.2
4921,6.2
4922,6.2
4923,6.2
4924,6.2
4925,6.2
4926,6.2
4927,6.2
4928,6.2
4929,6.2
4930,6.2
4931,6.2
4932,6.2
4933,6.2
4934,6.2
4935,6.2
4936,6.2
4937,6.2
4938,6.2
4939,6.2
4940,6.2
4941,6.2
4942,6.2
4943,6.2
4944,6.2
4945,6.2
4946,6.2
4947,6.2
4948,6.2
4949,6.2
4950,6.2
4951,6.2
4952,6.2
4953,6.2
4954,6.2
4955,6.2
4956,6.2
4957,6.2
4958,6.2
4959,6.2
4960,6.2
4961,6.2
4962,6.2
4963,6.2
4964,6.2
4965,6.2
4966,6.2
4967,6.2
4968,6.2
4969,6.2
4970,6.2
4971,6.2
4972,6.2
4973,6.2
4974,6.2
4975,6.2
4976,6.2
4977,6.2
4978,6.2
4979,6.2
4980,6.2
4981,6.2
4982,6.2
4983,6.2
4984,6.2
4985,6.2
4986,6.2
4987,6.2
4988,6.2
4989,6.2
4990,6.2
4991,6.2
4992,6.2
4993,6.2
4994,6.2
4995,6.2
4996,6.2
4997,6.2
4998,6.2
4999,6.2
5000,6.2
5001,6.2
5002,6.2
5003,6.2
5004,6.2
5005,6.2
5006,6.2
5007,6.2
5008,6.2
5009,6.2
5010,6.2
5011,6.2
5012,6.2
5013,6.2
5014,6.2
5015,6.2
5016,6.2
5017,6.2
5018,6.2
5019,6.2
5020,6.2
5021,6.2
5022,6.2
5023,6.2
5024,6.2
5025,6.2
5026,6.2
5027,6.2
5028,6.2
5029,6.2
5030,6.2
5031,6.2
5032,6.2
5033,6.2
5034,6.2
5035,6.2
5036,6.2
5037,6.2
5038,6.2
5039,6.2
5040,6.2
5041,6.2
5042,6.2
5043,6.2
5044,6.2
5045,6.2
5046,6.2
5047,6.2
5048,6.2
5049,6.2
5050,6.2
5051,6.2
5052,6.2
5053,6.2
5054,6.2
5055,6.2
5056,6.2
5057,6.2
5058,6.2
5059,6.2
5060,6.2
5061,6.2
5062,6.2
5063,6.2
5064,6.2
5065,6.2
5066,6.2
5067,6.2
5068,6.2
5069,6.2
5070,6.2
5071,6.2
5072,6.2
5073,6.2
5074,6.2
5075,6.2
5076,6.2
5077,6.2
5078,6.2
5079,6.2
5080,6.2
5081,6.2
5082,6.2
5083,6.2
5084,6.2
5085,6.2
5086,6.2
5087,6.2
5088,6.2
5089,6.2
5090,6.2
5091,6.2
5092,6.2
5093,6.2
5094,6.2
5095,6.2
5096,6.2
5097,6.2
5098,6.2
5099,6.2
5100,6.2
5101,6.2
5102,6.2
5103,6.2
5104,6.2
5105,6.2
5106,6.2
5107,6.2
5108,6.2
5109,6.2
5110,6.2
5111,6.2
5112,6.2
5113,6.2
5114,6.2
5115,6.2
5116,6.2
5117,6.2
5118,6.2
5119,6.2
5120,6.2
5121,6.2
5122,6.2
5123,6.2
5124,6.2
5125,6.2
5126,6.2
5127,6.2
5128,6.2
5129,6.2
5130,6.2
5131,6.2
5132,6.2
5133,6.2
5134,6.2
5135,6.2
5136,6.2
5137,6.2
5138,6.2
5139,6.2
5140,6.2
5141,6.2
5142,6.2
5143,6.2
5144,6.2
5145,6.2
5146,6.2
5147,6.2
5148,6.2
5149,6.2
5150,6.2
5151,6.2
5152,6.2
5153,6.2
5154,6.2
5155,6.2
5156,6.2
5157,6.2
5158,6.2
5159,6.2
5160,6.2
5161,6.2
5162,6.2
5163,6.2
5164,6.2
5165,6.2
5166,6.2
5167,6.2
5168,6.2
5169,6.2
5170,6.2
5171,6.2
5172,6.2
5173,6.2
5174,6.2
5175,6.2
5176,6.2
5177,6.2
5178,6.2
5179,6.2
5180,6.2
5181,6.2
5182,6.2
5183,6.2
5184,6.2
5185,6.2
5186,6.2
5187,6.2
5188,6.2
5189,6.2
5190,6.2
5191,6.2
5192,6.2
5193,6.2
5194,6.2
5195,6.2
5196,6.2
5197,6.2
5198,6.2
5199,6.2
5200,6.2
5201,6.2
5202,6.2
5203,6.2
5204,6.2
5205,6.2
5206,6.2
5207,6.2
5208,6.2
5209,6.2
5210,6.2
5211,6.2
5212,6.2
5213,6.2
5214,6.2
5215,6.2
5216,6.2
5217,6.2
5218,6.2
5219,6.2
5220,6.2
5221,6.2
5222,6.2
5223,6.2
5224,6.2
5225,6.2
5226,6.2
5227,6.2
5228,6.2
5229,6.2
5230,6.2
5231,6.2
5232,6.2
5233,6.2
5234,6.2
5235,6.2
5236,6.2
5237,6.2
5238,6.2
5239,6.2
5240,6.2
5241,6.2
5242,6.2
5243,6.2
5244,6.2
5245,6.2
5246,6.2
5247,6.2
5248,6.2
5249,6.2
5250,6.2
5251,6.2
5252,6.2
5253,6.2
5254,6.2
5255,6.2
5256,6.2
5257,6.2
5258,6.2
5259,6.2
5260,6.2
5261,6.2
5262,6.2
5263,6.2
5264,6.2
5265,6.2
5266,6.2
5267,6.2
5268,6.2
5269,6.2
5270,6.2
5271,6.2
5272,6.2
5273,6.2
5274,6.2
5275,6.2
5276,6.2
5277,6.2
5278,6.2
5279,6.2
5280,6.2
5281,6.2
5282,6.2
5283,6.2
5284,6.2
5285,6.2
5286,6.2
5287,6.2
5288,6.2
5289,6.2
5290,6.2
5291,6.2
5292,6.2
5293,6.2
5294,6.2
5295,6.2
5296,6.2
5297,6.2
5298,6.2
5299,6.2
5300,6.2
5301,6.2
5302,6.2
5303,6.2
5304,6.2
5305,6.2
5306,6.2
5307,6.2
5308,6.2
5309,6.2
5310,6.2
5311,6.2
5312,6.2
5313,6.2
5314,6.2
5315,6.2
5316,6.2
5317,6.2
5318,6.2
5319,6.2
5320,6.2
5321,6.2
5322,6.2
5323,6.2
5324,6.2
5325,6.2
5326,6.2
5327,6.2
5328,6.2
5329,6.2
5330,6.2
5331,6.2
5332,6.2
5333,6.2
5334,6.2
5335,6.2
5336,6.2
5337,6.2
5338,6.2
5339,6.2
5340,6.2
5341,6.2
5342,6.2
5343,6.2
5344,6.2
5345,6.2
5346,6.2
5347,6.2
5348,6.2
5349,6.2
5350,6.2
5351,6.2
5352,6.2
5353,6.2
5354,6.2
5355,6.2
5356,6.2
5357,6.2
5358,6.2
5359,6.2
5360,6.2
5361,6.2
5362,6.2
5363,6.2
5364,6.2
5365,6.2
5366,6.2
5367,6.2
5368,6.2
5369,6.2
5370,6.2
5371,6.2
5372,6.2
5373,6.2
5374,6.2
5375,6.2
5376,6.2
5377,6.2
5378,6.2
5379,6.2
5380,6.2
5381,6.2
5382,6.2
5383,6.2
5384,6.2
5385,6.2
5386,6.2
5387,6.2
5388,6.2
5389,6.2
5390,6.2
5391,6.2
5392,6.2
5393,6.2
5394,6.2
5395,6.2
5396,6.2
5397,6.2
5398,6.2
5399,6.2
5400,6.2
5401,6.2
5402,6.2
5403,6.2
5404,6.2
5405,6.2
5406,6.2
5407,6.2
5408,6.2
5409,6.2
5410,6.2
5411,6.2
5412,6.2
5413,6.2
5414,6.2
5415,6.2
5416,6.2
5417,6.2
5418,6.2
5419,6.2
5420,6.2
5421,6.2
5422,6.2
5423,6.2
5424,6.2
5425,6.2
5426,6.2
5427,6.2
5428,6.2
5429,6.2
5430,6.2
5431,6.2
5432,6.2
5433,6.2
5434,6.2
5435,6.2
5436,6.2
5437,6.2
5438,6.2
5439,6.2
5440,6.2
5441,6.2
5442,6.2
5443,6.2
5444,6.2
5445,6.2
5446,6.2
5447,6.2
5448,6.2
5449,6.2
5450,6.2
5451,6.2
5452,6.2
5453,6.2
5454,6.2
5455,6.2
5456,6.2
5457,6.2
5458,6.2
5459,6.2
5460,6.2
5461,6.2
5462,6.2
5463,6.2
5464,6.2
5465,6.2
5466,6.2
5467,6.2
5468,6.2
5469,6.2
5470,6.2
5471,6.2
5472,6.2
5473,6.2
5474,6.2
5475,6.2
5476,6.2
5477,6.2
5478,6.2
5479,6.2
5480,6.2
5481,6.2
5482,6.2
5483,6.2
5484,6.2
5485,6.2
5486,6.2
5487,6.2
5488,6.2
5489,6.2
5490,6.2
5491,6.2
5492,6.2
5493,6.2
5494,6.2
5495,6.2
5496,6.2
5497,6.2
5498,6.2
5499,6.2
5500,6.2
5501,6.2
5502,6.2
5503,6.2
5504,6.2
5505,6.2
5506,6.2
5507,6.2
5508,6.2
5509,6.2
5510,6.2
5511,6.2
5512,6.2
5513,6.2
5514,6.2
5515,6.2
5516,6.2
5517,6.2
5518,6.2
5519,6.2
5520,6.2
5521,6.2
5522,6.2
5523,6.2
5524,6.2
5525,6.2
5526,6.2
5527,6.2
5528,6.2
5529,6.2
5530,6.2
5531,6.2
5532,6.2
5533,6.2
5534,6.2
5535,6.2
5536,6.2
5537,6.2
5538,6.2
5539,6.2
5540,6.2
5541,6.2
5542,6.2
5543,6.2
5544,6.2
5545,6.2
5546,6.2
5547,6.2
5548,6.2
5549,6.2
5550,6.2
5551,6.2
5552,6.2
5553,6.2
5554,6.2
5555,6.2
5556,6.2
5557,6.2
5558,6.2
5559,6.2
5560,6.2
5561,6.2
5562,6.2
5563,6.2
5564,6.2
5565,6.2
5566,6.2
5567,6.2
5568,6.2
5569,6.2
5570,6.2
5571,6.2
5572,6.2
5573,6.2
5574,6.2
5575,6.2
5576,6.2
5577,6.2
5578,6.2
5579,6.2
5580,6.2
5581,6.2
5582,6.2
5583,6.2
5584,6.2
5585,6.2
5586,6.2
5587,6.2
5588,6.2
5589,6.2
5590,6.2
5591,6.2
5592,6.2
5593,6.2
5594,6.2
5595,6.2
5596,6.2
5597,6.2
5598,6.2
5599,6.2
5600,6.2
5601,6.2
5602,6.2
5603,6.2
5604,6.2
5605,6.2
5606,6.2
5607,6.2
5608,6.2
5609,6.2
5610,6.2
5611,6.2
5612,6.2
5613,6.2
5614,6.2
5615,6.2
5616,6.2
5617,6.2
5618,6.2
5619,6.2
5620,6.2
5621,6.2
5622,6.2
5623,6.2
5624,6.2
5625,6.2
5626,6.2
5627,6.2
5628,6.2
5629,6.2
5630,6.2
5631,6.2
5632,6.2
5633,6.2
5634,6.2
5635,6.2
5636,6.2
5637,6.2
5638,6.2
5639,6.2
5640,6.2
5641,6.2
5642,6.2
5643,6.2
5644,6.2
5645,6.2
5646,6.2
5647,6.2
5648,6.2
5649,6.2
5650,6.2
5651,6.2
5652,6.2
5653,6.2
5654,6.2
5655,6.2
5656,6.2
5657,6.2
5658,6.2
5659,6.2
5660,6.2
5661,6.2
5662,6.2
5663,6.2
5664,6.2
5665,6.2
5666,6.2
5667,6.2
5668,6.2
5669,6.2
5670,6.2
5671,6.2
5672,6.2
5673,6.2
5674,6.2
5675,6.2
5676,6.2
5677,6.2
5678,6.2
5679,6.2
5680,6.2
5681,6.2
5682,6.2
5683,6.2
5684,6.2
5685,6.2
5686,6.2
5687,6.2
5688,6.2
5689,6.2
5690,6.2
5691,6.2
5692,6.2
5693,6.2
5694,6.2
5695,6.2
5696,6.2
5697,6.2
5698,6.2
5699,6.2
5700,6.2
5701,6.2
5702,6.2
5703,6.2
5704,6.2
5705,6.2
5706,6.2
5707,6.2
5708,6.2
5709,6.2
5710,6.2
5711,6.2
5712,6.2
5713,6.2
5714,6.2
5715,6.2
5716,6.2
5717,6.2
5718,6.2
5719,6.2
5720,6.2
5721,6.2
5722,6.2
5723,6.2
5724,6.2
5725,6.2
5726,6.2
5727,6.2
5728,6.2
5729,6.2
5730,6.2
5731,6.2
5732,6.2
5733,6.2
5734,6.2
5735,6.2
5736,6.2
5737,6.2
5738,6.2
5739,6.2
5740,6.2
5741,6.2
5742,6.2
5743,6.2
5744,6.2
5745,6.2
5746,6.2
5747,6.2
5748,6.2
5749,6.2
5750,6.2
5751,6.2
5752,6.2
5753,6.2
5754,6.2
5755,6.2
5756,6.2
5757,6.2
5758,6.2
5759,6.2
5760,6.2
5761,6.2
5762,6.2
5763,6.2
5764,6.2
5765,6.2
5766,6.2
5767,6.2
5768,6.2
5769,6.2
5770,6.2
5771,6.2
5772,6.2
5773,6.2
5774,6.2
5775,6.2
5776,6.2
5777,6.2
5778,6.2
5779,6.2
5780,6.2
5781,6.2
5782,6.2
5783,6.2
5784,6.2
5785,6.2
5786,6.2
5787,6.2
5788,6.2
5789,6.2
5790,6.2
5791,6.2
5792,6.2
5793,6.2
5794,6.2
5795,6.2
5796,6.2
5797,6.2
5798,6.2
5799,6.2
5800,6.2
5801,6.2
5802,6.2
5803,6.2
5804,6.2
5805,6.2
5806,6.2
5807,6.2
5808,6.2
5809,6.2
5810,6.2
5811,6.2
5812,6.2
5813,6.2
5814,6.2
5815,6.2
5816,6.2
5817,6.2
5818,6.2
5819,6.2
5820,6.2
5821,6.2
5822,6.2
5823,6.2
5824,6.2
5825,6.2
5826,6.2
5827,6.2
5828,6.2
5829,6.2
5830,6.2
5831,6.2
5832,6.2
5833,6.2
5834,6.2
5835,6.2
5836,6.2
5837,6.2
5838,6.2
5839,6.2
5840,6.2
5841,6.2
5842,6.2
5843,6.2
5844,6.2
5845,6.2
5846,6.2
5847,6.2
5848,6.2
5849,6.2
5850,6.2
5851,6.2
5852,6.2
5853,6.2
5854,6.2
5855,6.2
5856,6.2
5857,6.2
5858,6.2
5859,6.2
5860,6.2
5861,6.2
5862,6.2
5863,6.2
5864,6.2
5865,6.2
5866,6.2
5867,6.2
5868,6.2
5869,6.2
5870,6.2
5871,6.2
5872,6.2
5873,6.2
5874,6.2
5875,6.2
5876,6.2
5877,6.2
5878,6.2
5879,6.2
5880,6.2
5881,6.2
5882,6.2
5883,6.2
5884,6.2
5885,6.2
5886,6.2
5887,6.2
5888,6.2
5889,6.2
5890,6.2
5891,6.2
5892,6.2
5893,6.2
5894,6.2
5895,6.2
5896,6.2
5897,6.2
5898,6.2
5899,6.2
5900,6.2
5901,6.2
5902,6.2
5903,6.2
5904,6.2
5905,6.2
5906,6.2
5907,6.2
5908,6.2
5909,6.2
5910,6.2
5911,6.2
5912,6.2
5913,6.2
5914,6.2
5915,6.2
5916,6.2
5917,6.2
5918,6.2
5919,6.2
5920,6.2
5921,6.2
5922,6.2
5923,6.2
5924,6.2
5925,6.2
5926,6.2
5927,6.2
5928,6.2
5929,6.2
5930,6.2
5931,6.2
5932,6.2
5933,6.2
5934,6.2
5935,6.2
5936,6.2
5937,6.2
5938,6.2
5939,6.2
5940,6.2
5941,6.2
5942,6.2
5943,6.2
5944,6.2
5945,6.2
5946,6.2
5947,6.2
5948,6.2
5949,6.2
5950,6.2
5951,6.2
5952,6.2
5953,6.2
5954,6.2
5955,6.2
5956,6.2
5957,6.2
5958,6.2
5959,6.2
5960,6.2
5961,6.2
5962,6.2
5963,6.2
5964,6.2
5965,6.2
5966,6.2
5967,6.2
5968,6.2
5969,6.2
5970,6.2
5971,6.2
5972,6.2
5973,6.2
5974,6.2
5975,6.2
5976,6.2
5977,6.2
5978,6.2
5979,6.2
5980,6.2
5981,6.2
5982,6.2
5983,6.2
5984,6.2
5985,6.2
5986,6.2
5987,6.2
5988,6.2
5989,6.2
5990,6.2
5991,6.2
5992,6.2
5993,6.2
5994,6.2
5995,6.2
5996,6.2
5997,6.2
5998,6.2
5999,6.2
6000,6.2
6001,6.2
6002,6.2
6003,6.2
6004,6.2
6005,6.2
6006,6.2
6007,6.2
6008,6.2
6009,6.2
6010,6.2
6011,6.2
6012,6.2
6013,6.2
6014,6.2
6015,6.2
6016,6.2
6017,6.2
6018,6.2
6019,6.2
6020,6.2
6021,6.2
6022,6.2
6023,6.2
6024,6.2
6025,6.2
6026,6.2
6027,6.2
6028,6.2
6029,6.2
6030,6.2
6031,6.2
6032,6.2
6033,6.2
6034,6.2
6035,6.2
6036,6.2
6037,6.2
6038,6.2
6039,6.2
6040,6.2
6041,6.2
6042,6.2
6043,6.2
6044,6.2
6045,6.2
6046,6.2
6047,6.2
6048,6.2
6049,6.2
6050,6.2
6051,6.2
6052,6.2
6053,6.2
6054,6.2
6055,6.2
6056,6.2
6057,6.2
6058,6.2
6059,6.2
6060,6.2
6061,6.2
6062,6.2
6063,6.2
6064,6.2
6065,6.2
6066,6.2
6067,6.2
6068,6.2
6069,6.2
6070,6.2
6071,6.2
6072,6.2
6073,6.2
6074,6.2
6075,6.2
6076,6.2
6077,6.2
6078,6.2
6079,6.2
6080,6.2
6081,6.2
6082,6.2
6083,6.2
6084,6.2
6085,6.2
6086,6.2
6087,6.2
6088,6.2
6089,6.2
6090,6.2
6091,6.2
6092,6.2
6093,6.2
6094,6.2
6095,6.2
6096,6.2
6097,6.2
6098,6.2
6099,6.2
6100,6.2
6101,6.2
6102,6.2
6103,6.2
6104,6.2
6105,6.2
6106,6.2
6107,6.2
6108,6.2
6109,6.2
6110,6.2
6111,6.2
6112,6.2
6113,6.2
6114,6.2
6115,6.2
6116,6.2
6117,6.2
6118,6.2
6119,6.2
6120,6.2
6121,6.2
6122,6.2
6123,6.2
6124,6.2
6125,6.2
6126,6.2
6127,6.2
6128,6.2
6129,6.2
6130,6.2
6131,6.2
6132,6.2
6133,6.2
6134,6.2
6135,6.2
6136,6.2
6137,6.2
6138,6.2
6139,6.2
6140,6.2
6141,6.2
6142,6.2
6143,6.2
6144,6.2
6145,6.2
6146,6.2
6147,6.2
6148,6.2
6149,6.2
6150,6.2
6151,6.2
6152,6.2
6153,6.2
6154,6.2
6155,6.2
6156,6.2
6157,6.2
6158,6.2
6159,6.2
6160,6.2
6161,6.2
6162,6.2
6163,6.2
6164,6.2
6165,6.2
6166,6.2
6167,6.2
6168,6.2
6169,6.2
6170,6.2
6171,6.2
6172,6.2
6173,6.2
6174,6.2
6175,6.2
6176,6.2
6177,6.2
6178,6.2
6179,6.2
6180,6.2
6181,6.2
6182,6.2
6183,6.2
6184,6.2
6185,6.2
6186,6.2
6187,6.2
6188,6.2
6189,6.2
6190,6.2
6191,6.2
6192,6.2
6193,6.2
6194,6.2
6195,6.2
6196,6.2
6197,6.2
6198,6.2
6199,6.2
6200,6.2
6201,6.2
6202,6.2
6203,6.2
6204,6.2
6205,6.2
6206,6.2
6207,6.2
6208,6.2
6209,6.2
6210,6.2
6211,6.2
6212,6.2
6213,6.2
6214,6.2
6215,6.2
6216,6.2
6217,6.2
6218,6.2
6219,6.2
6220,6.2
6221,6.2
6222,6.2
6223,6.2
6224,6.2
6225,6.2
6226,6.2
6227,6.2
6228,6.2
6229,6.2
6230,6.2
6231,6.2
6232,6.2
6233,6.2
6234,6.2
6235,6.2
6236,6.2
6237,6.2
6238,6.2
6239,6.2
6240,6.2
6241,6.2
6242,6.2
6243,6.2
6244,6.2
6245,6.2
6246,6.2
6247,6.2
6248,6.2
6249,6.2
6250,6.2
6251,6.2
6252,6.2
6253,6.2
6254,6.2
6255,6.2
6256,6.2
6257,6.2
6258,6.2
6259,6.2
6260,6.2
6261,6.2
6262,6.2
6263,6.2
6264,6.2
6265,6.2
6266,6.2
6267,6.2
6268,6.2
6269,6.2
6270,6.2
6271,6.2
6272,6.2
6273,6.2
6274,6.2
6275,6.2
6276,6.2
6277,6.2
6278,6.2
6279,6.2
6280,6.2
6281,6.2
6282,6.2
6283,6.2
6284,6.2
6285,6.2
6286,6.2
6287,6.2
6288,6.2
6289,6.2
6290,6.2
6291,6.2
6292,6.2
6293,6.2
6294,6.2
6295,6.2
6296,6.2
6297,6.2
6298,6.2
6299,6.2
6300,6.2
6301,6.2
6302,6.2
6303,6.2
6304,6.2
6305,6.2
6306,6.2
6307,6.2
6308,6.2
6309,6.2
6310,6.2
6311,6.2
6312,6.2
6313,6.2
6314,6.2
6315,6.2
6316,6.2
6317,6.2
6318,6.2
6319,6.2
6320,6.2
6321,6.2
6322,6.2
6323,6.2
6324,6.2
6325,6.2
6326,6.2
6327,6.2
6328,6.2
6329,6.2
6330,6.2
6331,6.2
6332,6.2
6333,6.2
6334,6.2
6335,6.2
6336,6.2
6337,6.2
6338,6.2
6339,6.2
6340,6.2
6341,6.2
6342,6.2
6343,6.2
6344,6.2
6345,6.2
6346,6.2
6347,6.2
6348,6.2
6349,6.2
6350,6.2
6351,6.2
6352,6.2
6353,6.2
6354,6.2
6355,6.2
6356,6.2
6357,6.2
6358,6.2
6359,6.2
6360,6.2
6361,6.2
6362,6.2
6363,6.2
6364,6.2
6365,6.2
6366,6.2
6367,6.2
6368,6.2
6369,6.2
6370,6.2
6371,6.2
6372,6.2
6373,6.2
6374,6.2
6375,6.2
6376,6.2
6377,6.2
6378,6.2
6379,6.2
6380,6.2
6381,6.2
6382,6.2
6383,6.2
6384,6.2
6385,6.2
6386,6.2
6387,6.2
6388,6.2
6389,6.2
6390,6.2
6391,6.2
6392,6.2
6393,6.2
6394,6.2
6395,6.2
6396,6.2
6397,6.2
6398,6.2
6399,6.2
6400,6.2
6401,6.2
6402,6.2
6403,6.2
6404,6.2
6405,6.2
6406,6.2
6407,6.2
6408,6.2
6409,6.2
6410,6.2
6411,6.2
6412,6.2
6413,6.2
6414,6.2
6415,6.2
6416,6.2
6417,6.2
6418,6.2
6419,6.2
6420,6.2
6421,6.2
6422,6.2
6423,6.2
6424,6.2
6425,6.2
6426,6.2
6427,6.2
6428,6.2
6429,6.2
6430,6.2
6431,6.2
6432,6.2
6433,6.2
6434,6.2
6435,6.2
6436,6.2
6437,6.2
6438,6.2
6439,6.2
6440,6.2
6441,6.2
6442,6.2
6443,6.2
6444,6.2
6445,6.2
6446,6.2
6447,6.2
6448,6.2
6449,6.2
6450,6.2
6451,6.2
6452,6.2
6453,6.2
6454,6.2
6455,6.2
6456,6.2
6457,6.2
6458,6.2
6459,6.2
6460,6.2
6461,6.2
6462,6.2
6463,6.2
6464,6.2
6465,6.2
6466,6.2
6467,6.2
6468,6.2
6469,6.2
6470,6.2
6471,6.2
6472,6.2
6473,6.2
6474,6.2
6475,6.2
6476,6.2
6477,6.2
6478,6.2
6479,6.2
6480,6.2
6481,6.2
6482,6.2
6483,6.2
6484,6.2
6485,6.2
6486,6.2
6487,6.2
6488,6.2
6489,6.2
6490,6.2
6491,6.2
6492,6.2
6493,6.2
6494,6.2
6495,6.2
6496,6.2
6497,6.2
6498,6.2
6499,6.2
6500,6.2
6501,6.2
6502,6.2
6503,6.2
6504,6.2
6505,6.2
6506,6.2
6507,6.2
6508,6.2
6509,6.2
6510,6.2
6511,6.2
6512,6.2
6513,6.2
6514,6.2
6515,6.2
6516,6.2
6517,6.2
6518,6.2
6519,6.2
6520,6.2
6521,6.2
6522,6.2
6523,6.2
6524,6.2
6525,6.2
6526,6.2
6527,6.2
6528,6.2
6529,6.2
6530,6.2
6531,6.2
6532,6.2
6533,6.2
6534,6.2
6535,6.2
6536,6.2
6537,6.2
6538,6.2
6539,6.2
6540,6.2
6541,6.2
6542,6.2
6543,6.2
6544,6.2
6545,6.2
6546,6.2
6547,6.2
6548,6.2
6549,6.2
6550,6.2
6551,6.2
6552,6.2
6553,6.2
6554,6.2
6555,6.2
6556,6.2
6557,6.2
6558,6.2
6559,6.2
6560,6.2
6561,6.2
6562,6.2
6563,6.2
6564,6.2
6565,6.2
6566,6.2
6567,6.2
6568,6.2
6569,6.2
6570,6.2
6571,6.2
6572,6.2
6573,6.2
6574,6.2
6575,6.2
6576,6.2
6577,6.2
6578,6.2
6579,6.2
6580,6.2
6581,6.2
6582,6.2
6583,6.2
6584,6.2
6585,6.2
6586,6.2
6587,6.2
6588,6.2
6589,6.2
6590,6.2
6591,6.2
6592,6.2
6593,6.2
6594,6.2
6595,6.2
6596,6.2
6597,6.2
6598,6.2
6599,6.2
6600,6.2
6601,6.2
6602,6.2
6603,6.2
6604,6.2
6605,6.2
6606,6.2
6607,6.2
6608,6.2
6609,6.2
6610,6.2
6611,6.2
6612,6.2
6613,6.2
6614,6.2
6615,6.2
6616,6.2
6617,6.2
6618,6.2
6619,6.2
6620,6.2
6621,6.2
6622,6.2
6623,6.2
6624,6.2
6625,6.2
6626,6.2
6627,6.2
6628,6.2
6629,6.2
6630,6.2
6631,6.2
6632,6.2
6633,6.2
6634,6.2
6635,6.2
6636,6.2
6637,6.2
6638,6.2
6639,6.2
6640,6.2
6641,6.2
6642,6.2
6643,6.2
6644,6.2
6645,6.2
6646,6.2
6647,6.2
6648,6.2
6649,6.2
6650,6.2
6651,6.2
6652,6.2
6653,6.2
6654,6.2
6655,6.2
6656,6.2
6657,6.2
6658,6.2
6659,6.2
6660,6.2
6661,6.2
6662,6.2
6663,6.2
6664,6.2
6665,6.2
6666,6.2
6667,6.2
6668,6.2
6669,6.2
6670,6.2
6671,6.2
6672,6.2
6673,6.2
6674,6.2
6675,6.2
6676,6.2
6677,6.2
6678,6.2
6679,6.2
6680,6.2
6681,6.2
6682,6.2
6683,6.2
6684,6.2
6685,6.2
6686,6.2
6687,6.2
6688,6.2
6689,6.2
6690,6.2
6691,6.2
6692,6.2
6693,6.2
6694,6.2
6695,6.2
6696,6.2
6697,6.2
6698,6.2
6699,6.2
6700,6.2
6701,6.2
6702,6.2
6703,6.2
6704,6.2
6705,6.2
6706,6.2
6707,6.2
6708,6.2
6709,6.2
6710,6.2
6711,6.2
6712,6.2
6713,6.2
6714,6.2
6715,6.2
6716,6.2
6717,6.2
6718,6.2
6719,6.2
6720,6.2
6721,6.2
6722,6.2
6723,6.2
6724,6.2
6725,6.2
6726,6.2
6727,6.2
6728,6.2
6729,6.2
6730,6.2
6731,6.2
6732,6.2
6733,6.2
6734,6.2
6735,6.2
6736,6.2
6737,6.2
6738,6.2
6739,6.2
6740,6.2
6741,6.2
6742,6.2
6743,6.2
6744,6.2
6745,6.2
6746,6.2
6747,6.2
6748,6.2
6749,6.2
6750,6.2
6751,6.2
6752,6.2
6753,6.2
6754,6.2
6755,6.2
6756,6.2
6757,6.2
6758,6.2
6759,6.2
6760,6.2
6761,6.2
6762,6.2
6763,6.2
6764,6.2
6765,6.2
6766,6.2
6767,6.2
6768,6.2
6769,6.2
6770,6.2
6771,6.2
6772,6.2
6773,6.2
6774,6.2
6775,6.2
6776,6.2
6777,6.2
6778,6.2
6779,6.2
6780,6.2
6781,6.2
6782,6.2
6783,6.2
6784,6.2
6785,6.2
6786,6.2
6787,6.2
6788,6.2
6789,6.2
6790,6.2
6791,6.2
6792,6.2
6793,6.2
6794,6.2
6795,6.2
6796,6.2
6797,6.2
6798,6.2
6799,6.2
6800,6.2
6801,6.2
6802,6.2
6803,6.2
6804,6.2
6805,6.2
6806,6.2
6807,6.2
6808,6.2
6809,6.2
6810,6.2
6811,6.2
6812,6.2
6813,6.2
6814,6.2
6815,6.2
6816,6.2
6817,6.2
6818,6.2
6819,6.2
6820,6.2
6821,6.2
6822,6.2
6823,6.2
6824,6.2
6825,6.2
6826,6.2
6827,6.2
6828,6.2
6829,6.2
6830,6.2
6831,6.2
6832,6.2
6833,6.2
6834,6.2
6835,6.2
6836,6.2
6837,6.2
6838,6.2
6839,6.2
6840,6.2
6841,6.2
6842,6.2
6843,6.2
6844,6.2
6845,6.2
6846,6.2
6847,6.2
6848,6.2
6849,6.2
6850,6.2
6851,6.2
6852,6.2
6853,6.2
6854,6.2
6855,6.2
6856,6.2
6857,6.2
6858,6.2
6859,6.2
6860,6.2
6861,6.2
6862,6.2
6863,6.2
6864,6.2
6865,6.2
6866,6.2
6867,6.2
6868,6.2
6869,6.2
6870,6.2
6871,6.2
6872,6.2
6873,6.2
6874,6.2
6875,6.2
6876,6.2
6877,6.2
6878,6.2
6879,6.2
6880,6.2
6881,6.2
6882,6.2
6883,6.2
6884,6.2
6885,6.2
6886,6.2
6887,6.2
6888,6.2
6889,6.2
6890,6.2
6891,6.2
6892,6.2
6893,6.2
6894,6.2
6895,6.2
6896,6.2
6897,6.2
6898,6.2
6899,6.2
6900,6.2
6901,6.2
6902,6.2
6903,6.2
6904,6.2
6905,6.2
6906,6.2
6907,6.2
6908,6.2
6909,6.2
6910,6.2
6911,6.2
6912,6.2
6913,6.2
6914,6.2
6915,6.2
6916,6.2
6917,6.2
6918,6.2
6919,6.2
6920,6.2
6921,6.2
6922,6.2
6923,6.2
6924,6.2
6925,6.2
6926,6.2
6927,6.2
6928,6.2
6929,6.2
6930,6.2
6931,6.2
6932,6.2
6933,6.2
6934,6.2
6935,6.2
6936,6.2
6937,6.2
6938,6.2
6939,6.2
6940,6.2
6941,6.2
6942,6.2
6943,6.2
6944,6.2
6945,6.2
6946,6.2
6947,6.2
6948,6.2
6949,6.2
6950,6.2
6951,6.2
6952,6.2
6953,6.2
6954,6.2
6955,6.2
6956,6.2
6957,6.2
6958,6.2
6959,6.2
6960,6.2
6961,6.2
6962,6.2
6963,6.2
6964,6.2
6965,6.2
6966,6.2
6967,6.2
6968,6.2
6969,6.2
6970,6.2
6971,6.2
6972,6.2
6973,6.2
6974,6.2
6975,6.2
6976,6.2
6977,6.2
6978,6.2
6979,6.2
6980,6.2
6981,6.2
6982,6.2
6983,6.2
6984,6.2
6985,6.2
6986,6.2
6987,6.2
6988,6.2
6989,6.2
6990,6.2
6991,6.2
6992,6.2
6993,6.2
6994,6.2
6995,6.2
6996,6.2
6997,6.2
6998,6.2
6999,6.2
7000,6.2
7001,6.2
7002,6.2
7003,6.2
7004,6.2
7005,6.2
7006,6.2
7007,6.2
7008,6.2
7009,6.2
7010,6.2
7011,6.2
7012,6.2
7013,6.2
7014,6.2
7015,6.2
7016,6.2
7017,6.2
7018,6.2
7019,6.2
7020,6.2
7021,6.2
7022,6.2
7023,6.2
7024,6.2
7025,6.2
7026,6.2
7027,6.2
7028,6.2
7029,6.2
7030,6.2
7031,6.2
7032,6.2
7033,6.2
7034,6.2
7035,6.2
7036,6.2
7037,6.2
7038,6.2
7039,6.2
7040,6.2
7041,6.2
7042,6.2
7043,6.2
7044,6.2
7045,6.2
7046,6.2
7047,6.2
7048,6.2
7049,6.2
7050,6.2
7051,6.2
7052,6.2
7053,6.2
7054,6.2
7055,6.2
7056,6.2
7057,6.2
7058,6.2
7059,6.2
7060,6.2
7061,6.2
7062,6.2
7063,6.2
7064,6.2
7065,6.2
7066,6.2
7067,6.2
7068,6.2
7069,6.2
7070,6.2
7071,6.2
7072,6.2
7073,6.2
7074,6.2
7075,6.2
7076,6.2
7077,6.2
7078,6.2
7079,6.2
7080,6.2
7081,6.2
7082,6.2
7083,6.2
7084,6.2
7085,6.2
7086,6.2
7087,6.2
7088,6.2
7089,6.2
7090,6.2
7091,6.2
7092,6.2
7093,6.2
7094,6.2
7095,6.2
7096,6.2
7097,6.2
7098,6.2
7099,6.2
7100,6.2
7101,6.2
7102,6.2
7103,6.2
7104,6.2
7105,6.2
7106,6.2
7107,6.2
7108,6.2
7109,6.2
7110,6.2
7111,6.2
7112,6.2
7113,6.2
7114,6.2
7115,6.2
7116,6.2
7117,6.2
7118,6.2
7119,6.2
7120,6.2
7121,6.2
7122,6.2
7123,6.2
7124,6.2
7125,6.2
7126,6.2
7127,6.2
7128,6.2
7129,6.2
7130,6.2
7131,6.2
7132,6.2
7133,6.2
7134,6.2
7135,6.2
7136,6.2
7137,6.2
7138,6.2
7139,6.2
7140,6.2
7141,6.2
7142,6.2
7143,6.2
7144,6.2
7145,6.2
7146,6.2
7147,6.2
7148,6.2
7149,6.2
7150,6.2
7151,6.2
7152,6.2
7153,6.2
7154,6.2
7155,6.2
7156,6.2
7157,6.2
7158,6.2
7159,6.2
7160,6.2
7161,6.2
7162,6.2
7163,6.2
7164,6.2
7165,6.2
7166,6.2
7167,6.2
7168,6.2
7169,6.2
7170,6.2
7171,6.2
7172,6.2
7173,6.2
7174,6.2
7175,6.2
7176,6.2
7177,6.2
7178,6.2
7179,6.2
7180,6.2
7181,6.2
7182,6.2
7183,6.2
7184,6.2
7185,6.2
7186,6.2
7187,6.2
7188,6.2
7189,6.2
7190,6.2
7191,6.2
7192,6.2
7193,6.2
7194,6.2
7195,6.2
7196,6.2
7197,6.2
7198,6.2
7199,6.2
7200,6.2
7201,6.2
7202,6.2
7203,6.2
7204,6.2
7205,6.2
7206,6.2
7207,6.2
7208,6.2
7209,6.2
7210,6.2
7211,6.2
7212,6.2
7213,6.2
7214,6.2
7215,6.2
7216,6.2
7217,6.2
7218,6.2
7219,6.2
7220,6.2
7221,6.2
7222,6.2
7223,6.2
7224,6.2
7225,6.2
7226,6.2
7227,6.2
7228,6.2
7229,6.2
7230,6.2
7231,6.2
7232,6.2
7233,6.2
7234,6.2
7235,6.2
7236,6.2
7237,6.2
7238,6.2
7239,6.2
7240,6.2
7241,6.2
7242,6.2
7243,6.2
7244,6.2
7245,6.2
7246,6.2
7247,6.2
7248,6.2
7249,6.2
7250,6.2
7251,6.2
7252,6.2
7253,6.2
7254,6.2
7255,6.2
7256,6.2
7257,6.2
7258,6.2
7259,6.2
7260,6.2
7261,6.2
7262,6.2
7263,6.2
7264,6.2
7265,6.2
7266,6.2
7267,6.2
7268,6.2
7269,6.2
7270,6.2
7271,6.2
7272,6.2
7273,6.2
7274,6.2
7275,6.2
7276,6.2
7277,6.2
7278,6.2
7279,6.2
7280,6.2
7281,6.2
7282,6.2
7283,6.2
7284,6.2
7285,6.2
7286,6.2
7287,6.2
7288,6.2
7289,6.2
7290,6.2
7291,6.2
7292,6.2
7293,6.2
7294,6.2
7295,6.2
7296,6.2
7297,6.2
7298,6.2
7299,6.2
7300,6.2
7301,6.2
7302,6.2
7303,6.2
7304,6.2
7305,6.2
7306,6.2
7307,6.2
7308,6.2
7309,6.2
7310,6.2
7311,6.2
7312,6.2
7313,6.2
7314,6.2
7315,6.2
7316,6.2
7317,6.2
7318,6.2
7319,6.2
7320,6.2
7321,6.2
7322,6.2
7323,6.2
7324,6.2
7325,6.2
7326,6.2
7327,6.2
7328,6.2
7329,6.2
7330,6.2
7331,6.2
7332,6.2
7333,6.2
7334,6.2
7335,6.2
7336,6.2
7337,6.2
7338,6.2
7339,6.2
7340,6.2
7341,6.2
7342,6.2
7343,6.2
7344,6.2
7345,6.2
7346,6.2
7347,6.2
7348,6.2
7349,6.2
7350,6.2
7351,6.2
7352,6.2
7353,6.2
7354,6.2
7355,6.2
7356,6.2
7357,6.2
7358,6.2
7359,6.2
7360,6.2
7361,6.2
7362,6.2
7363,6.2
7364,6.2
7365,6.2
7366,6.2
7367,6.2
7368,6.2
7369,6.2
7370,6.2
7371,6.2
7372,6.2
7373,6.2
7374,6.2
7375,6.2
7376,6.2
7377,6.2
7378,6.2
7379,6.2
7380,6.2
7381,6.2
7382,6.2
7383,6.2
7384,6.2
7385,6.2
7386,6.2
7387,6.2
7388,6.2
7389,6.2
7390,6.2
7391,6.2
7392,6.2
7393,6.2
7394,6.2
7395,6.2
7396,6.2
7397,6.2
7398,6.2
7399,6.2
7400,6.2
7401,6.2
7402,6.2
7403,6.2
7404,6.2
7405,6.2
7406,6.2
7407,6.2
7408,6.2
7409,6.2
7410,6.2
7411,6.2
7412,6.2
7413,6.2
7414,6.2
7415,6.2
7416,6.2
7417,6.2
7418,6.2
7419,6.2
7420,6.2
7421,6.2
7422,6.2
7423,6.2
7424,6.2
7425,6.2
7426,6.2
7427,6.2
7428,6.2
7429,6.2
7430,6.2
7431,6.2
7432,6.2
7433,6.2
7434,6.2
7435,6.2
7436,6.2
7437,6.2
7438,6.2
7439,6.2
7440,6.2
7441,6.2
7442,6.2
7443,6.2
7444,6.2
7445,6.2
7446,6.2
7447,6.2
7448,6.2
7449,6.2
7450,6.2
7451,6.2
7452,6.2
7453,6.2
7454,6.2
7455,6.2
7456,6.2
7457,6.2
7458,6.2
7459,6.2
7460,6.2
7461,6.2
7462,6.2
7463,6.2
7464,6.2
7465,6.2
7466,6.2
7467,6.2
7468,6.2
7469,6.2
7470,6.2
7471,6.2
7472,6.2
7473,6.2
7474,6.2
7475,6.2
7476,6.2
7477,6.2
7478,6.2
7479,6.2
7480,6.2
7481,6.2
7482,6.2
7483,6.2
7484,6.2
7485,6.2
7486,6.2
7487,6.2
7488,6.2
7489,6.2
7490,6.2
7491,6.2
7492,6.2
7493,6.2
7494,6.2
7495,6.2
7496,6.2
7497,6.2
7498,6.2
7499,6.2
7500,6.2
7501,6.2
7502,6.2
7503,6.2
7504,6.2
7505,6.2
7506,6.2
7507,6.2
7508,6.2
7509,6.2
7510,6.2
7511,6.2
7512,6.2
7513,6.2
7514,6.2
7515,6.2
7516,6.2
7517,6.2
7518,6.2
7519,6.2
7520,6.2
7521,6.2
7522,6.2
7523,6.2
7524,6.2
7525,6.2
7526,6.2
7527,6.2
7528,6.2
7529,6.2
7530,6.2
7531,6.2
7532,6.2
7533,6.2
7534,6.2
7535,6.2
7536,6.2
7537,6.2
7538,6.2
7539,6.2
7540,6.2
7541,6.2
7542,6.2
7543,6.2
7544,6.2
7545,6.2
7546,6.2
7547,6.2
7548,6.2
7549,6.2
7550,6.2
7551,6.2
7552,6.2
7553,6.2
7554,6.2
7555,6.2
7556,6.2
7557,6.2
7558,6.2
7559,6.2
7560,6.2
7561,6.2
7562,6.2
7563,6.2
7564,6.2
7565,6.2
7566,6.2
7567,6.2
7568,6.2
7569,6.2
7570,6.2
7571,6.2
7572,6.2
7573,6.2
7574,6.2
7575,6.2
7576,6.2
7577,6.2
7578,6.2
7579,6.2
7580,6.2
7581,6.2
7582,6.2
7583,6.2
7584,6.2
7585,6.2
7586,6.2
7587,6.2
7588,6.2
7589,6.2
7590,6.2
7591,6.2
7592,6.2
7593,6.2
7594,6.2
7595,6.2
7596,6.2
7597,6.2
7598,6.2
7599,6.2
7600,6.2
7601,6.2
7602,6.2
7603,6.2
7604,6.2
7605,6.2
7606,6.2
7607,6.2
7608,6.2
7609,6.2
7610,6.2
7611,6.2
7612,6.2
7613,6.2
7614,6.2
7615,6.2
7616,6.2
7617,6.2
7618,6.2
7619,6.2
7620,6.2
7621,6.2
7622,6.2
7623,6.2
7624,6.2
7625,6.2
7626,6.2
7627,6.2
7628,6.2
7629,6.2
7630,6.2
7631,6.2
7632,6.2
7633,6.2
7634,6.2
7635,6.2
7636,6.2
7637,6.2
7638,6.2
7639,6.2
7640,6.2
7641,6.2
7642,6.2
7643,6.2
7644,6.2
7645,6.2
7646,6.2
7647,6.2
7648,6.2
7649,6.2
7650,6.2
7651,6.2
7652,6.2
7653,6.2
7654,6.2
7655,6.2
7656,6.2
7657,6.2
7658,6.2
7659,6.2
7660,6.2
7661,6.2
7662,6.2
7663,6.2
7664,6.2
7665,6.2
7666,6.2
7667,6.2
7668,6.2
7669,6.2
7670,6.2
7671,6.2
7672,6.2
7673,6.2
7674,6.2
7675,6.2
7676,6.2
7677,6.2
7678,6.2
7679,6.2
7680,6.2
7681,6.2
7682,6.2
7683,6.2
7684,6.2
7685,6.2
7686,6.2
7687,6.2
7688,6.2
7689,6.2
7690,6.2
7691,6.2
7692,6.2
7693,6.2
7694,6.2
7695,6.2
7696,6.2
7697,6.2
7698,6.2
7699,6.2
7700,6.2
7701,6.2
7702,6.2
7703,6.2
7704,6.2
7705,6.2
7706,6.2
7707,6.2
7708,6.2
7709,6.2
7710,6.2
7711,6.2
7712,6.2
7713,6.2
7714,6.2
7715,6.2
7716,6.2
7717,6.2
7718,6.2
7719,6.2
7720,6.2
7721,6.2
7722,6.2
7723,6.2
7724,6.2
7725,6.2
7726,6.2
7727,6.2
7728,6.2
7729,6.2
7730,6.2
7731,6.2
7732,6.2
7733,6.2
7734,6.2
7735,6.2
7736,6.2
7737,6.2
7738,6.2
7739,6.2
7740,6.2
7741,6.2
7742,6.2
7743,6.2
7744,6.2
7745,6.2
7746,6.2
7747,6.2
7748,6.2
7749,6.2
7750,6.2
7751,6.2
7752,6.2
7753,6.2
7754,6.2
7755,6.2
7756,6.2
7757,6.2
7758,6.2
7759,6.2
7760,6.2
7761,6.2
7762,6.2
7763,6.2
7764,6.2
7765,6.2
7766,6.2
7767,6.2
7768,6.2
7769,6.2
7770,6.2
7771,6.2
7772,6.2
7773,6.2
7774,6.2
7775,6.2
7776,6.2
7777,6.2
7778,6.2
7779,6.2
7780,6.2
7781,6.2
7782,6.2
7783,6.2
7784,6.2
7785,6.2
7786,6.2
7787,6.2
7788,6.2
7789,6.2
7790,6.2
7791,6.2
7792,6.2
7793,6.2
7794,6.2
7795,6.2
7796,6.2
7797,6.2
7798,6.2
7799,6.2
7800,6.2
7801,6.2
7802,6.2
7803,6.2
7804,6.2
7805,6.2
7806,6.2
7807,6.2
7808,6.2
7809,6.2
7810,6.2
7811,6.2
7812,6.2
7813,6.2
7814,6.2
7815,6.2
7816,6.2
7817,6.2
7818,6.2
7819,6.2
7820,6.2
7821,6.2
7822,6.2
7823,6.2
7824,6.2
7825,6.2
7826,6.2
7827,6.2
7828,6.2
7829,6.2
7830,6.2
7831,6.2
7832,6.2
7833,6.2
7834,6.2
7835,6.2
7836,6.2
7837,6.2
7838,6.2
7839,6.2
7840,6.2
7841,6.2
7842,6.2
7843,6.2
7844,6.2
7845,6.2
7846,6.2
7847,6.2
7848,6.2
7849,6.2
7850,6.2
7851,6.2
7852,6.2
7853,6.2
7854,6.2
7855,6.2
7856,6.2
7857,6.2
7858,6.2
7859,6.2
7860,6.2
7861,6.2
7862,6.2
7863,6.2
7864,6.2
7865,6.2
7866,6.2
7867,6.2
7868,6.2
7869,6.2
7870,6.2
7871,6.2
7872,6.2
7873,6.2
7874,6.2
7875,6.2
7876,6.2
7877,6.2
7878,6.2
7879,6.2
7880,6.2
7881,6.2
7882,6.2
7883,6.2
7884,6.2
7885,6.2
7886,6.2
7887,6.2
7888,6.2
7889,6.2
7890,6.2
7891,6.2
7892,6.2
7893,6.2
7894,6.2
7895,6.2
7896,6.2
7897,6.2
7898,6.2
7899,6.2
7900,6.2
7901,6.2
7902,6.2
7903,6.2
7904,6.2
7905,6.2
7906,6.2
7907,6.2
7908,6.2
7909,6.2
7910,6.2
7911,6.2
7912,6.2
7913,6.2
7914,6.2
7915,6.2
7916,6.2
7917,6.2
7918,6.2
7919,6.2
7920,6.2
7921,6.2
7922,6.2
7923,6.2
7924,6.2
7925,6.2
7926,6.2
7927,6.2
7928,6.2
7929,6.2
7930,6.2
7931,6.2
7932,6.2
7933,6.2
7934,6.2
7935,6.2
7936,6.2
7937,6.2
7938,6.2
7939,6.2
7940,6.2
7941,6.2
7942,6.2
7943,6.2
7944,6.2
7945,6.2
7946,6.2
7947,6.2
7948,6.2
7949,6.2
7950,6.2
7951,6.2
7952,6.2
7953,6.2
7954,6.2
7955,6.2
7956,6.2
7957,6.2
7958,6.2
7959,6.2
7960,6.2
7961,6.2
7962,6.2
7963,6.2
7964,6.2
7965,6.2
7966,6.2
7967,6.2
7968,6.2
7969,6.2
7970,6.2
7971,6.2
7972,6.2
7973,6.2
7974,6.2
7975,6.2
7976,6.2
7977,6.2
7978,6.2
7979,6.2
7980,6.2
7981,6.2
7982,6.2
7983,6.2
7984,6.2
7985,6.2
7986,6.2
7987,6.2
7988,6.2
7989,6.2
7990,6.2
7991,6.2
7992,6.2
7993,6.2
7994,6.2
7995,6.2
7996,6.2
7997,6.2
7998,6.2
7999,6.2
8000,6.2
8001,6.2
8002,6.2
8003,6.2
8004,6.2
8005,6.2
8006,6.2
8007,6.2
8008,6.2
8009,6.2
8010,6.2
8011,6.2
8012,6.2
8013,6.2
8014,6.2
8015,6.2
8016,6.2
8017,6.2
8018,6.2
8019,6.2
8020,6.2
8021,6.2
8022,6.2
8023,6.2
8024,6.2
8025,6.2
8026,6.2
8027,6.2
8028,6.2
8029,6.2
8030,6.2
8031,6.2
8032,6.2
8033,6.2
8034,6.2
8035,6.2
8036,6.2
8037,6.2
8038,6.2
8039,6.2
8040,6.2
8041,6.2
8042,6.2
8043,6.2
8044,6.2
8045,6.2
8046,6.2
8047,6.2
8048,6.2
8049,6.2
8050,6.2
8051,6.2
8052,6.2
8053,6.2
8054,6.2
8055,6.2
8056,6.2
8057,6.2
8058,6.2
8059,6.2
8060,6.2
8061,6.2
8062,6.2
8063,6.2
8064,6.2
8065,6.2
8066,6.2
8067,6.2
8068,6.2
8069,6.2
8070,6.2
8071,6.2
8072,6.2
8073,6.2
8074,6.2
8075,6.2
8076,6.2
8077,6.2
8078,6.2
8079,6.2
8080,6.2
8081,6.2
8082,6.2
8083,6.2
8084,6.2
8085,6.2
8086,6.2
8087,6.2
8088,6.2
8089,6.2
8090,6.2
8091,6.2
8092,6.2
8093,6.2
8094,6.2
8095,6.2
8096,6.2
8097,6.2
8098,6.2
8099,6.2
8100,6.2
8101,6.2
8102,6.2
8103,6.2
8104,6.2
8105,6.2
8106,6.2
8107,6.2
8108,6.2
8109,6.2
8110,6.2
8111,6.2
8112,6.2
8113,6.2
8114,6.2
8115,6.2
8116,6.2
8117,6.2
8118,6.2
8119,6.2
8120,6.2
8121,6.2
8122,6.2
8123,6.2
8124,6.2
8125,6.2
8126,6.2
8127,6.2
8128,6.2
8129,6.2
8130,6.2
8131,6.2
8132,6.2
8133,6.2
8134,6.2
8135,6.2
8136,6.2
8137,6.2
8138,6.2
8139,6.2
8140,6.2
8141,6.2
8142,6.2
8143,6.2
8144,6.2
8145,6.2
8146,6.2
8147,6.2
8148,6.2
8149,6.2
8150,6.2
8151,6.2
8152,6.2
8153,6.2
8154,6.2
8155,6.2
8156,6.2
8157,6.2
8158,6.2
8159,6.2
8160,6.2
8161,6.2
8162,6.2
8163,6.2
8164,6.2
8165,6.2
8166,6.2
8167,6.2
8168,6.2
8169,6.2
8170,6.2
8171,6.2
8172,6.2
8173,6.2
8174,6.2
8175,6.2
8176,6.2
8177,6.2
8178,6.2
8179,6.2
8180,6.2
8181,6.2
8182,6.2
8183,6.2
8184,6.2
8185,6.2
8186,6.2
8187,6.2
8188,6.2
8189,6.2
8190,6.2
8191,6.2
8192,6.2
8193,6.2
8194,6.2
8195,6.2
8196,6.2
8197,6.2
8198,6.2
8199,6.2
8200,6.2
8201,6.2
8202,6.2
8203,6.2
8204,6.2
8205,6.2
8206,6.2
8207,6.2
8208,6.2
8209,6.2
8210,6.2
8211,6.2
8212,6.2
8213,6.2
8214,6.2
8215,6.2
8216,6.2
8217,6.2
8218,6.2
8219,6.2
8220,6.2
8221,6.2
8222,6.2
8223,6.2
8224,6.2
8225,6.2
8226,6.2
8227,6.2
8228,6.2
8229,6.2
8230,6.2
8231,6.2
8232,6.2
8233,6.2
8234,6.2
8235,6.2
8236,6.2
8237,6.2
8238,6.2
8239,6.2
8240,6.2
8241,6.2
8242,6.2
8243,6.2
8244,6.2
8245,6.2
8246,6.2
8247,6.2
8248,6.2
8249,6.2
8250,6.2
8251,6.2
8252,6.2
8253,6.2
8254,6.2
8255,6.2
8256,6.2
8257,6.2
8258,6.2
8259,6.2
8260,6.2
8261,6.2
8262,6.2
8263,6.2
8264,6.2
8265,6.2
8266,6.2
8267,6.2
8268,6.2
8269,6.2
8270,6.2
8271,6.2
8272,6.2
8273,6.2
8274,6.2
8275,6.2
8276,6.2
8277,6.2
8278,6.2
8279,6.2
8280,6.2
8281,6.2
8282,6.2
8283,6.2
8284,6.2
8285,6.2
8286,6.2
8287,6.2
8288,6.2
8289,6.2
8290,6.2
8291,6.2
8292,6.2
8293,6.2
8294,6.2
8295,6.2
8296,6.2
8297,6.2
8298,6.2
8299,6.2
8300,6.2
8301,6.2
8302,6.2
8303,6.2
8304,6.2
8305,6.2
8306,6.2
8307,6.2
8308,6.2
8309,6.2
8310,6.2
8311,6.2
8312,6.2
8313,6.2
8314,6.2
8315,6.2
8316,6.2
8317,6.2
8318,6.2
8319,6.2
8320,6.2
8321,6.2
8322,6.2
8323,6.2
8324,6.2
8325,6.2
8326,6.2
8327,6.2
8328,6.2
8329,6.2
8330,6.2
8331,6.2
8332,6.2
8333,6.2
8334,6.2
8335,6.2
8336,6.2
8337,6.2
8338,6.2
8339,6.2
8340,6.2
8341,6.2
8342,6.2
8343,6.2
8344,6.2
8345,6.2
8346,6.2
8347,6.2
8348,6.2
8349,6.2
8350,6.2
8351,6.2
8352,6.2
8353,6.2
8354,6.2
8355,6.2
8356,6.2
8357,6.2
8358,6.2
8359,6.2
8360,6.2
8361,6.2
8362,6.2
8363,6.2
8364,6.2
8365,6.2
8366,6.2
8367,6.2
8368,6.2
8369,6.2
8370,6.2
8371,6.2
8372,6.2
8373,6.2
8374,6.2
8375,6.2
8376,6.2
8377,6.2
8378,6.2
8379,6.2
8380,6.2
8381,6.2
8382,6.2
8383,6.2
8384,6.2
8385,6.2
8386,6.2
8387,6.2
8388,6.2
8389,6.2
8390,6.2
8391,6.2
8392,6.2
8393,6.2
8394,6.2
8395,6.2
8396,6.2
8397,6.2
8398,6.2
8399,6.2
8400,6.2
8401,6.2
8402,6.2
8403,6.2
8404,6.2
8405,6.2
8406,6.2
8407,6.2
8408,6.2
8409,6.2
8410,6.2
8411,6.2
8412,6.2
8413,6.2
8414,6.2
8415,6.2
8416,6.2
8417,6.2
8418,6.2
8419,6.2
8420,6.2
8421,6.2
8422,6.2
8423,6.2
8424,6.2
8425,6.2
8426,6.2
8427,6.2
8428,6.2
8429,6.2
8430,6.2
8431,6.2
8432,6.2
8433,6.2
8434,6.2
8435,6.2
8436,6.2
8437,6.2
8438,6.2
8439,6.2
8440,6.2
8441,6.2
8442,6.2
8443,6.2
8444,6.2
8445,6.2
8446,6.2
8447,6.2
8448,6.2
8449,6.2
8450,6.2
8451,6.2
8452,6.2
8453,6.2
8454,6.2
8455,6.2
8456,6.2
8457,6.2
8458,6.2
8459,6.2
8460,6.2
8461,6.2
8462,6.2
8463,6.2
8464,6.2
8465,6.2
8466,6.2
8467,6.2
8468,6.2
8469,6.2
8470,6.2
8471,6.2
8472,6.2
8473,6.2
8474,6.2
8475,6.2
8476,6.2
8477,6.2
8478,6.2
8479,6.2
8480,6.2
8481,6.2
8482,6.2
8483,6.2
8484,6.2
8485,6.2
8486,6.2
8487,6.2
8488,6.2
8489,6.2
8490,6.2
8491,6.2
8492,6.2
8493,6.2
8494,6.2
8495,6.2
8496,6.2
8497,6.2
8498,6.2
8499,6.2
8500,6.2
8501,6.2
8502,6.2
8503,6.2
8504,6.2
8505,6.2
8506,6.2
8507,6.2
8508,6.2
8509,6.2
8510,6.2
8511,6.2
8512,6.2
8513,6.2
8514,6.2
8515,6.2
8516,6.2
8517,6.2
8518,6.2
8519,6.2
8520,6.2
8521,6.2
8522,6.2
8523,6.2
8524,6.2
8525,6.2
8526,6.2
8527,6.2
8528,6.2
8529,6.2
8530,6.2
8531,6.2
8532,6.2
8533,6.2
8534,6.2
8535,6.2
8536,6.2
8537,6.2
8538,6.2
8539,6.2
8540,6.2
8541,6.2
8542,6.2
8543,6.2
8544,6.2
8545,6.2
8546,6.2
8547,6.2
8548,6.2
8549,6.2
8550,6.2
8551,6.2
8552,6.2
8553,6.2
8554,6.2
8555,6.2
8556,6.2
8557,6.2
8558,6.2
8559,6.2
8560,6.2
8561,6.2
8562,6.2
8563,6.2
8564,6.2
8565,6.2
8566,6.2
8567,6.2
8568,6.2
8569,6.2
8570,6.2
8571,6.2
8572,6.2
8573,6.2
8574,6.2
8575,6.2
8576,6.2
8577,6.2
8578,6.2
8579,6.2
8580,6.2
8581,6.2
8582,6.2
8583,6.2
8584,6.2
8585,6.2
8586,6.2
8587,6.2
8588,6.2
8589,6.2
8590,6.2
8591,6.2
8592,6.2
8593,6.2
8594,6.2
8595,6.2
8596,6.2
8597,6.2
8598,6.2
8599,6.2
8600,6.2
8601,6.2
8602,6.2
8603,6.2
8604,6.2
8605,6.2
8606,6.2
8607,6.2
8608,6.2
8609,6.2
8610,6.2
8611,6.2
8612,6.2
8613,6.2
8614,6.2
8615,6.2
8616,6.2
8617,6.2
8618,6.2
8619,6.2
8620,6.2
8621,6.2
8622,6.2
8623,6.2
8624,6.2
8625,6.2
8626,6.2
8627,6.2
8628,6.2
8629,6.2
8630,6.2
8631,6.2
8632,6.2
8633,6.2
8634,6.2
8635,6.2
8636,6.2
8637,6.2
8638,6.2
8639,6.2
8640,6.2
8641,6.2
8642,6.2
8643,6.2
8644,6.2
8645,6.2
8646,6.2
8647,6.2
8648,6.2
8649,6.2
8650,6.2
8651,6.2
8652,6.2
8653,6.2
8654,6.2
8655,6.2
8656,6.2
8657,6.2
8658,6.2
8659,6.2
8660,6.2
8661,6.2
8662,6.2
8663,6.2
8664,6.2
8665,6.2
8666,6.2
8667,6.2
8668,6.2
8669,6.2
8670,6.2
8671,6.2
8672,6.2
8673,6.2
8674,6.2
8675,6.2
8676,6.2
8677,6.2
8678,6.2
8679,6.2
8680,6.2
8681,6.2
8682,6.2
8683,6.2
8684,6.2
8685,6.2
8686,6.2
8687,6.2
8688,6.2
8689,6.2
8690,6.2
8691,6.2
8692,6.2
8693,6.2
8694,6.2
8695,6.2
8696,6.2
8697,6.2
8698,6.2
8699,6.2
8700,6.2
8701,6.2
8702,6.2
8703,6.2
8704,6.2
8705,6.2
8706,6.2
8707,6.2
8708,6.2
8709,6.2
8710,6.2
8711,6.2
8712,6.2
8713,6.2
8714,6.2
8715,6.2
8716,6.2
8717,6.2
8718,6.2
8719,6.2
8720,6.2
8721,6.2
8722,6.2
8723,6.2
8724,6.2
8725,6.2
8726,6.2
8727,6.2
8728,6.2
8729,6.2
8730,6.2
8731,6.2
8732,6.2
8733,6.2
8734,6.2
8735,6.2
8736,6.2
8737,6.2
8738,6.2
8739,6.2
8740,6.2
8741,6.2
8742,6.2
8743,6.2
8744,6.2
8745,6.2
8746,6.2
8747,6.2
8748,6.2
8749,6.2
8750,6.2
8751,6.2
8752,6.2
8753,6.2
8754,6.2
8755,6.2
8756,6.2
8757,6.2
8758,6.2
8759,6.2
8760,6.2
8761,6.2
8762,6.2
8763,6.2
8764,6.2
8765,6.2
8766,6.2
8767,6.2
8768,6.2
8769,6.2
8770,6.2
8771,6.2
8772,6.2
8773,6.2
8774,6.2
8775,6.2
8776,6.2
8777,6.2
8778,6.2
8779,6.2
8780,6.2
8781,6.2
8782,6.2
8783,6.2
8784,6.2
8785,6.2
8786,6.2
8787,6.2
8788,6.2
8789,6.2
8790,6.2
8791,6.2
8792,6.2
8793,6.2
8794,6.2
8795,6.2
8796,6.2
8797,6.2
8798,6.2
8799,6.2
8800,6.2
8801,6.2
8802,6.2
8803,6.2
8804,6.2
8805,6.2
8806,6.2
8807,6.2
8808,6.2
8809,6.2
8810,6.2
8811,6.2
8812,6.2
8813,6.2
8814,6.2
8815,6.2
8816,6.2
8817,6.2
8818,6.2
8819,6.2
8820,6.2
8821,6.2
8822,6.2
8823,6.2
8824,6.2
8825,6.2
8826,6.2
8827,6.2
8828,6.2
8829,6.2
8830,6.2
8831,6.2
8832,6.2
8833,6.2
8834,6.2
8835,6.2
8836,6.2
8837,6.2
8838,6.2
8839,6.2
8840,6.2
8841,6.2
8842,6.2
8843,6.2
8844,6.2
8845,6.2
8846,6.2
8847,6.2
8848,6.2
8849,6.2
8850,6.2
8851,6.2
8852,6.2
8853,6.2
8854,6.2
8855,6.2
8856,6.2
8857,6.2
8858,6.2
8859,6.2
8860,6.2
8861,6.2
8862,6.2
8863,6.2
8864,6.2
8865,6.2
8866,6.2
8867,6.2
8868,6.2
8869,6.2
8870,6.2
8871,6.2
8872,6.2
8873,6.2
8874,6.2
8875,6.2
8876,6.2
8877,6.2
8878,6.2
8879,6.2
8880,6.2
8881,6.2
8882,6.2
8883,6.2
8884,6.2
8885,6.2
8886,6.2
8887,6.2
8888,6.2
8889,6.2
8890,6.2
8891,6.2
8892,6.2
8893,6.2
8894,6.2
8895,6.2
8896,6.2
8897,6.2
8898,6.2
8899,6.2
8900,6.2
8901,6.2
8902,6.2
8903,6.2
8904,6.2
8905,6.2
8906,6.2
8907,6.2
8908,6.2
8909,6.2
8910,6.2
8911,6.2
8912,6.2
8913,6.2
8914,6.2
8915,6.2
8916,6.2
8917,6.2
8918,6.2
8919,6.2
8920,6.2
8921,6.2
8922,6.2
8923,6.2
8924,6.2
8925,6.2
8926,6.2
8927,6.2
8928,6.2
8929,6.2
8930,6.2
8931,6.2
8932,6.2
8933,6.2
8934,6.2
8935,6.2
8936,6.2
8937,6.2
8938,6.2
8939,6.2
8940,6.2
8941,6.2
8942,6.2
8943,6.2
8944,6.2
8945,6.2
8946,6.2
8947,6.2
8948,6.2
8949,6.2
8950,6.2
8951,6.2
8952,6.2
8953,6.2
8954,6.2
8955,6.2
8956,6.2
8957,6.2
8958,6.2
8959,6.2
8960,6.2
8961,6.2
8962,6.2
8963,6.2
8964,6.2
8965,6.2
8966,6.2
8967,6.2
8968,6.2
8969,6.2
8970,6.2
8971,6.2
8972,6.2
8973,6.2
8974,6.2
8975,6.2
8976,6.2
8977,6.2
8978,6.2
8979,6.2
8980,6.2
8981,6.2
8982,6.2
8983,6.2
8984,6.2
8985,6.2
8986,6.2
8987,6.2
8988,6.2
8989,6.2
8990,6.2
8991,6.2
8992,6.2
8993,6.2
8994,6.2
8995,6.2
8996,6.2
8997,6.2
8998,6.2
8999,6.2
9000,6.2
9001,6.2
9002,6.2
9003,6.2
9004,6.2
9005,6.2
9006,6.2
9007,6.2
9008,6.2
9009,6.2
9010,6.2
9011,6.2
9012,6.2
9013,6.2
9014,6.2
9015,6.2
9016,6.2
9017,6.2
9018,6.2
9019,6.2
9020,6.2
9021,6.2
9022,6.2
9023,6.2
9024,6.2
9025,6.2
9026,6.2
9027,6.2
9028,6.2
9029,6.2
9030,6.2
9031,6.2
9032,6.2
9033,6.2
9034,6.2
9035,6.2
9036,6.2
9037,6.2
9038,6.2
9039,6.2
9040,6.2
9041,6.2
9042,6.2
9043,6.2
9044,6.2
9045,6.2
9046,6.2
9047,6.2
9048,6.2
9049,6.2
9050,6.2
9051,6.2
9052,6.2
9053,6.2
9054,6.2
9055,6.2
9056,6.2
9057,6.2
9058,6.2
9059,6.2
9060,6.2
9061,6.2
9062,6.2
9063,6.2
9064,6.2
9065,6.2
9066,6.2
9067,6.2
9068,6.2
9069,6.2
9070,6.2
9071,6.2
9072,6.2
9073,6.2
9074,6.2
9075,6.2
9076,6.2
9077,6.2
9078,6.2
9079,6.2
9080,6.2
9081,6.2
9082,6.2
9083,6.2
9084,6.2
9085,6.2
9086,6.2
9087,6.2
9088,6.2
9089,6.2
9090,6.2
9091,6.2
9092,6.2
9093,6.2
9094,6.2
9095,6.2
9096,6.2
9097,6.2
9098,6.2
9099,6.2
9100,6.2
9101,6.2
9102,6.2
9103,6.2
9104,6.2
9105,6.2
9106,6.2
9107,6.2
9108,6.2
9109,6.2
9110,6.2
9111,6.2
9112,6.2
9113,6.2
9114,6.2
9115,6.2
9116,6.2
9117,6.2
9118,6.2
9119,6.2
9120,6.2
9121,6.2
9122,6.2
9123,6.2
9124,6.2
9125,6.2
9126,6.2
9127,6.2
9128,6.2
9129,6.2
9130,6.2
9131,6.2
9132,6.2
9133,6.2
9134,6.2
9135,6.2
9136,6.2
9137,6.2
9138,6.2
9139,6.2
9140,6.2
9141,6.2
9142,6.2
9143,6.2
9144,6.2
9145,6.2
9146,6.2
9147,6.2
9148,6.2
9149,6.2
9150,6.2
9151,6.2
9152,6.2
9153,6.2
9154,6.2
9155,6.2
9156,6.2
9157,6.2
9158,6.2
9159,6.2
9160,6.2
9161,6.2
9162,6.2
9163,6.2
9164,6.2
9165,6.2
9166,6.2
9167,6.2
9168,6.2
9169,6.2
9170,6.2
9171,6.2
9172,6.2
9173,6.2
9174,6.2
9175,6.2
9176,6.2
9177,6.2
9178,6.2
9179,6.2
9180,6.2
9181,6.2
9182,6.2
9183,6.2
9184,6.2
9185,6.2
9186,6.2
9187,6.2
9188,6.2
9189,6.2
9190,6.2
9191,6.2
9192,6.2
9193,6.2
9194,6.2
9195,6.2
9196,6.2
9197,6.2
9198,6.2
9199,6.2